--------------------------------------------------------
--  파일이 생성됨 - 수요일-2월-19-2020   
--------------------------------------------------------
DROP SEQUENCE "SEMISDG"."SEQ_COMMENT_NO";
DROP SEQUENCE "SEMISDG"."SEQ_COMMENT_REPORT_NO";
DROP SEQUENCE "SEMISDG"."SEQ_MEMBERBUSI_REPORT_NO";
DROP SEQUENCE "SEMISDG"."SEQ_RES_GROUP_NO";
DROP SEQUENCE "SEMISDG"."SEQ_RES_NO";
DROP SEQUENCE "SEMISDG"."SEQ_REVIEW_NO";
DROP SEQUENCE "SEMISDG"."SEQ_REVIEW_REPORT_NO";
DROP SEQUENCE "SEMISDG"."SEQ_SPC_DETAIL_NO";
DROP SEQUENCE "SEMISDG"."SEQ_SPC_IMG_DUAL";
DROP SEQUENCE "SEMISDG"."SEQ_SPC_IMG_DUAL2";
DROP SEQUENCE "SEMISDG"."SEQ_SPC_NO";
DROP SEQUENCE "SEMISDG"."SEQ_SPC_PRICE_NO";
DROP TABLE "SEMISDG"."CMMT_RPT" cascade constraints;
DROP TABLE "SEMISDG"."MEMBERSHIP" cascade constraints;
DROP TABLE "SEMISDG"."MEMBER_BLK" cascade constraints;
DROP TABLE "SEMISDG"."MEMBER_BUSI" cascade constraints;
DROP TABLE "SEMISDG"."MEMBER_GRD" cascade constraints;
DROP TABLE "SEMISDG"."REVIEW" cascade constraints;
DROP TABLE "SEMISDG"."REVIEW_CMNT" cascade constraints;
DROP TABLE "SEMISDG"."REVIEW_RPT" cascade constraints;
DROP TABLE "SEMISDG"."SPC" cascade constraints;
DROP TABLE "SEMISDG"."SPC_CTT_IMG" cascade constraints;
DROP TABLE "SEMISDG"."SPC_DTL" cascade constraints;
DROP TABLE "SEMISDG"."SPC_IMG" cascade constraints;
DROP TABLE "SEMISDG"."SPC_IMG_DUAL" cascade constraints;
DROP TABLE "SEMISDG"."SPC_LOC" cascade constraints;
DROP TABLE "SEMISDG"."SPC_OPT" cascade constraints;
DROP TABLE "SEMISDG"."SPC_OPT_LST" cascade constraints;
DROP TABLE "SEMISDG"."SPC_PRICE" cascade constraints;
DROP TABLE "SEMISDG"."SPC_RES" cascade constraints;
DROP TABLE "SEMISDG"."SPC_RES_GRP" cascade constraints;
DROP TABLE "SEMISDG"."SPC_TIMETABLE" cascade constraints;
DROP TABLE "SEMISDG"."SPC_TIME_EXP" cascade constraints;
DROP TABLE "SEMISDG"."SPC_TYPE" cascade constraints;
--------------------------------------------------------
--  DDL for Sequence SEQ_COMMENT_NO
--------------------------------------------------------

   CREATE SEQUENCE  "SEMISDG"."SEQ_COMMENT_NO"  MINVALUE 1 MAXVALUE 9999999999999999999999999999 INCREMENT BY 1 START WITH 41 CACHE 20 NOORDER  NOCYCLE ;
--------------------------------------------------------
--  DDL for Sequence SEQ_COMMENT_REPORT_NO
--------------------------------------------------------

   CREATE SEQUENCE  "SEMISDG"."SEQ_COMMENT_REPORT_NO"  MINVALUE 1 MAXVALUE 9999999999999999999999999999 INCREMENT BY 1 START WITH 1 CACHE 20 NOORDER  NOCYCLE ;
--------------------------------------------------------
--  DDL for Sequence SEQ_MEMBERBUSI_REPORT_NO
--------------------------------------------------------

   CREATE SEQUENCE  "SEMISDG"."SEQ_MEMBERBUSI_REPORT_NO"  MINVALUE 1 MAXVALUE 9999999999999999999999999999 INCREMENT BY 1 START WITH 1 CACHE 20 NOORDER  NOCYCLE ;
--------------------------------------------------------
--  DDL for Sequence SEQ_RES_GROUP_NO
--------------------------------------------------------

   CREATE SEQUENCE  "SEMISDG"."SEQ_RES_GROUP_NO"  MINVALUE 1 MAXVALUE 9999999999999999999999999999 INCREMENT BY 1 START WITH 581 CACHE 20 NOORDER  NOCYCLE ;
--------------------------------------------------------
--  DDL for Sequence SEQ_RES_NO
--------------------------------------------------------

   CREATE SEQUENCE  "SEMISDG"."SEQ_RES_NO"  MINVALUE 1 MAXVALUE 9999999999999999999999999999 INCREMENT BY 1 START WITH 41 CACHE 20 NOORDER  NOCYCLE ;
--------------------------------------------------------
--  DDL for Sequence SEQ_REVIEW_NO
--------------------------------------------------------

   CREATE SEQUENCE  "SEMISDG"."SEQ_REVIEW_NO"  MINVALUE 1 MAXVALUE 9999999999999999999999999999 INCREMENT BY 1 START WITH 21 CACHE 20 NOORDER  NOCYCLE ;
--------------------------------------------------------
--  DDL for Sequence SEQ_REVIEW_REPORT_NO
--------------------------------------------------------

   CREATE SEQUENCE  "SEMISDG"."SEQ_REVIEW_REPORT_NO"  MINVALUE 1 MAXVALUE 9999999999999999999999999999 INCREMENT BY 1 START WITH 1 CACHE 20 NOORDER  NOCYCLE ;
--------------------------------------------------------
--  DDL for Sequence SEQ_SPC_DETAIL_NO
--------------------------------------------------------

   CREATE SEQUENCE  "SEMISDG"."SEQ_SPC_DETAIL_NO"  MINVALUE 1 MAXVALUE 9999999999999999999999999999 INCREMENT BY 1 START WITH 81 CACHE 20 NOORDER  NOCYCLE ;
--------------------------------------------------------
--  DDL for Sequence SEQ_SPC_IMG_DUAL
--------------------------------------------------------

   CREATE SEQUENCE  "SEMISDG"."SEQ_SPC_IMG_DUAL"  MINVALUE 1 MAXVALUE 9999999999999999999999999999 INCREMENT BY 1 START WITH 161 CACHE 20 NOORDER  NOCYCLE ;
--------------------------------------------------------
--  DDL for Sequence SEQ_SPC_IMG_DUAL2
--------------------------------------------------------

   CREATE SEQUENCE  "SEMISDG"."SEQ_SPC_IMG_DUAL2"  MINVALUE 1 MAXVALUE 9999999999999999999999999999 INCREMENT BY 1 START WITH 1 CACHE 20 NOORDER  NOCYCLE ;
--------------------------------------------------------
--  DDL for Sequence SEQ_SPC_NO
--------------------------------------------------------

   CREATE SEQUENCE  "SEMISDG"."SEQ_SPC_NO"  MINVALUE 1 MAXVALUE 9999999999999999999999999999 INCREMENT BY 1 START WITH 81 CACHE 20 NOORDER  NOCYCLE ;
--------------------------------------------------------
--  DDL for Sequence SEQ_SPC_PRICE_NO
--------------------------------------------------------

   CREATE SEQUENCE  "SEMISDG"."SEQ_SPC_PRICE_NO"  MINVALUE 1 MAXVALUE 9999999999999999999999999999 INCREMENT BY 1 START WITH 101 CACHE 20 NOORDER  NOCYCLE ;
--------------------------------------------------------
--  DDL for Table CMMT_RPT
--------------------------------------------------------

  CREATE TABLE "SEMISDG"."CMMT_RPT" 
   (	"COMMENT_REPORT_NO" NUMBER, 
	"COMMENT_NO" NUMBER, 
	"COMMENT_REPORT_REASON" VARCHAR2(4000 BYTE), 
	"COMMENT_REPORT_DATE" TIMESTAMP (6) DEFAULT SYSTIMESTAMP
   ) SEGMENT CREATION IMMEDIATE 
  PCTFREE 10 PCTUSED 40 INITRANS 1 MAXTRANS 255 NOCOMPRESS LOGGING
  STORAGE(INITIAL 65536 NEXT 1048576 MINEXTENTS 1 MAXEXTENTS 2147483645
  PCTINCREASE 0 FREELISTS 1 FREELIST GROUPS 1 BUFFER_POOL DEFAULT FLASH_CACHE DEFAULT CELL_FLASH_CACHE DEFAULT)
  TABLESPACE "USERS" ;
--------------------------------------------------------
--  DDL for Table MEMBERSHIP
--------------------------------------------------------

  CREATE TABLE "SEMISDG"."MEMBERSHIP" 
   (	"MEM_ID" VARCHAR2(100 BYTE), 
	"MEM_PASS" VARCHAR2(4000 BYTE), 
	"MEM_NAME" VARCHAR2(100 BYTE), 
	"MEM_ROLE" CHAR(1 BYTE) DEFAULT 0, 
	"MEM_ADMIN" CHAR(1 BYTE) DEFAULT 0, 
	"MEM_POINT" NUMBER DEFAULT 0, 
	"MEM_GRADE_NAME" NUMBER, 
	"MEM_GENDER" NUMBER, 
	"MEM_BIRTH" DATE, 
	"MEM_EMAIL" VARCHAR2(255 BYTE), 
	"MEM_PHONE" VARCHAR2(100 BYTE), 
	"MEM_ADDR" VARCHAR2(255 BYTE), 
	"MEM_DATE" TIMESTAMP (6) DEFAULT SYSTIMESTAMP, 
	"MEM_REST" DATE, 
	"MEM_LASTLOGIN" DATE
   ) SEGMENT CREATION IMMEDIATE 
  PCTFREE 10 PCTUSED 40 INITRANS 1 MAXTRANS 255 NOCOMPRESS LOGGING
  STORAGE(INITIAL 65536 NEXT 1048576 MINEXTENTS 1 MAXEXTENTS 2147483645
  PCTINCREASE 0 FREELISTS 1 FREELIST GROUPS 1 BUFFER_POOL DEFAULT FLASH_CACHE DEFAULT CELL_FLASH_CACHE DEFAULT)
  TABLESPACE "USERS" ;
--------------------------------------------------------
--  DDL for Table MEMBER_BLK
--------------------------------------------------------

  CREATE TABLE "SEMISDG"."MEMBER_BLK" 
   (	"MEM_ID" VARCHAR2(100 BYTE), 
	"BLOCK_WRITE" TIMESTAMP (6) DEFAULT SYSTIMESTAMP, 
	"BLOCK_COMMENT" TIMESTAMP (6) DEFAULT SYSTIMESTAMP, 
	"BLOCK_MEMO" VARCHAR2(4000 BYTE)
   ) SEGMENT CREATION IMMEDIATE 
  PCTFREE 10 PCTUSED 40 INITRANS 1 MAXTRANS 255 NOCOMPRESS LOGGING
  STORAGE(INITIAL 65536 NEXT 1048576 MINEXTENTS 1 MAXEXTENTS 2147483645
  PCTINCREASE 0 FREELISTS 1 FREELIST GROUPS 1 BUFFER_POOL DEFAULT FLASH_CACHE DEFAULT CELL_FLASH_CACHE DEFAULT)
  TABLESPACE "USERS" ;
--------------------------------------------------------
--  DDL for Table MEMBER_BUSI
--------------------------------------------------------

  CREATE TABLE "SEMISDG"."MEMBER_BUSI" 
   (	"MEM_ID" VARCHAR2(100 BYTE), 
	"MEM_BUIS_NO" VARCHAR2(100 BYTE), 
	"MEM_BUIS_ADDR" VARCHAR2(255 BYTE), 
	"MEM_BUIS_PHONE" VARCHAR2(100 BYTE), 
	"MEM_BUIS_ALLOW" CHAR(1 BYTE) DEFAULT 0
   ) SEGMENT CREATION IMMEDIATE 
  PCTFREE 10 PCTUSED 40 INITRANS 1 MAXTRANS 255 NOCOMPRESS LOGGING
  STORAGE(INITIAL 65536 NEXT 1048576 MINEXTENTS 1 MAXEXTENTS 2147483645
  PCTINCREASE 0 FREELISTS 1 FREELIST GROUPS 1 BUFFER_POOL DEFAULT FLASH_CACHE DEFAULT CELL_FLASH_CACHE DEFAULT)
  TABLESPACE "USERS" ;
--------------------------------------------------------
--  DDL for Table MEMBER_GRD
--------------------------------------------------------

  CREATE TABLE "SEMISDG"."MEMBER_GRD" 
   (	"MEM_GRADE_NAME" NUMBER, 
	"MEM_GRADE_POINT" NUMBER
   ) SEGMENT CREATION IMMEDIATE 
  PCTFREE 10 PCTUSED 40 INITRANS 1 MAXTRANS 255 NOCOMPRESS LOGGING
  STORAGE(INITIAL 65536 NEXT 1048576 MINEXTENTS 1 MAXEXTENTS 2147483645
  PCTINCREASE 0 FREELISTS 1 FREELIST GROUPS 1 BUFFER_POOL DEFAULT FLASH_CACHE DEFAULT CELL_FLASH_CACHE DEFAULT)
  TABLESPACE "USERS" ;
--------------------------------------------------------
--  DDL for Table REVIEW
--------------------------------------------------------

  CREATE TABLE "SEMISDG"."REVIEW" 
   (	"REVIEW_NO" NUMBER, 
	"SPC_NO" NUMBER, 
	"MEM_ID" VARCHAR2(20 BYTE), 
	"REVIEW_ORI_NO" NUMBER, 
	"REVIEW_STAR" NUMBER DEFAULT 3, 
	"REVIEW_TYPE" VARCHAR2(100 BYTE), 
	"REVIEW_TITLE" VARCHAR2(100 BYTE), 
	"REVIEW_CONTENT" LONG, 
	"REVIEW_FILE" VARCHAR2(40 BYTE), 
	"REVIEW_UPFILE" VARCHAR2(40 BYTE), 
	"REVIEW_DATE" TIMESTAMP (6) DEFAULT SYSTIMESTAMP, 
	"REVIEW_READCNT" NUMBER DEFAULT 0, 
	"REVIEW_RECOMMEND" NUMBER DEFAULT 0, 
	"REVIEW_DELETE" CHAR(1 BYTE) DEFAULT 0
   ) SEGMENT CREATION IMMEDIATE 
  PCTFREE 10 PCTUSED 40 INITRANS 1 MAXTRANS 255 NOCOMPRESS LOGGING
  STORAGE(INITIAL 65536 NEXT 1048576 MINEXTENTS 1 MAXEXTENTS 2147483645
  PCTINCREASE 0 FREELISTS 1 FREELIST GROUPS 1 BUFFER_POOL DEFAULT FLASH_CACHE DEFAULT CELL_FLASH_CACHE DEFAULT)
  TABLESPACE "USERS" ;
--------------------------------------------------------
--  DDL for Table REVIEW_CMNT
--------------------------------------------------------

  CREATE TABLE "SEMISDG"."REVIEW_CMNT" 
   (	"COMMENT_NO" NUMBER, 
	"MEM_ID" VARCHAR2(100 BYTE), 
	"REVIEW_NO" NUMBER, 
	"COMMENT_TYPE" NUMBER, 
	"COMMENT_CONTENT" VARCHAR2(4000 BYTE), 
	"COMMENT_DATE" TIMESTAMP (6) DEFAULT SYSTIMESTAMP, 
	"COMMENT_RECOMMEND" NUMBER DEFAULT 0, 
	"COMMENT_DELETE" CHAR(1 BYTE) DEFAULT 0
   ) SEGMENT CREATION IMMEDIATE 
  PCTFREE 10 PCTUSED 40 INITRANS 1 MAXTRANS 255 NOCOMPRESS LOGGING
  STORAGE(INITIAL 65536 NEXT 1048576 MINEXTENTS 1 MAXEXTENTS 2147483645
  PCTINCREASE 0 FREELISTS 1 FREELIST GROUPS 1 BUFFER_POOL DEFAULT FLASH_CACHE DEFAULT CELL_FLASH_CACHE DEFAULT)
  TABLESPACE "USERS" ;
--------------------------------------------------------
--  DDL for Table REVIEW_RPT
--------------------------------------------------------

  CREATE TABLE "SEMISDG"."REVIEW_RPT" 
   (	"REVIEW_REPORT_NO" NUMBER, 
	"REVIEW_NO" NUMBER, 
	"REVIEW_REPORT_REASON" VARCHAR2(4000 BYTE), 
	"REVIEW_REPORT_DATE" TIMESTAMP (6) DEFAULT SYSTIMESTAMP
   ) SEGMENT CREATION IMMEDIATE 
  PCTFREE 10 PCTUSED 40 INITRANS 1 MAXTRANS 255 NOCOMPRESS LOGGING
  STORAGE(INITIAL 65536 NEXT 1048576 MINEXTENTS 1 MAXEXTENTS 2147483645
  PCTINCREASE 0 FREELISTS 1 FREELIST GROUPS 1 BUFFER_POOL DEFAULT FLASH_CACHE DEFAULT CELL_FLASH_CACHE DEFAULT)
  TABLESPACE "USERS" ;
--------------------------------------------------------
--  DDL for Table SPC
--------------------------------------------------------

  CREATE TABLE "SEMISDG"."SPC" 
   (	"SPC_NO" NUMBER, 
	"MEM_ID" VARCHAR2(100 BYTE), 
	"SPC_NAME" VARCHAR2(100 BYTE), 
	"SPC_ADDR" VARCHAR2(255 BYTE), 
	"SPC_CONTENT" LONG, 
	"SPC_AVAIL" CHAR(1 BYTE) DEFAULT 1, 
	"SPC_DATE" TIMESTAMP (6) DEFAULT SYSTIMESTAMP
   ) SEGMENT CREATION IMMEDIATE 
  PCTFREE 10 PCTUSED 40 INITRANS 1 MAXTRANS 255 NOCOMPRESS LOGGING
  STORAGE(INITIAL 65536 NEXT 1048576 MINEXTENTS 1 MAXEXTENTS 2147483645
  PCTINCREASE 0 FREELISTS 1 FREELIST GROUPS 1 BUFFER_POOL DEFAULT FLASH_CACHE DEFAULT CELL_FLASH_CACHE DEFAULT)
  TABLESPACE "USERS" ;
--------------------------------------------------------
--  DDL for Table SPC_CTT_IMG
--------------------------------------------------------

  CREATE TABLE "SEMISDG"."SPC_CTT_IMG" 
   (	"SPC_DETAIL_NO" NUMBER, 
	"SPC_NO" NUMBER, 
	"SPC_IMG_TITLE" VARCHAR2(2000 BYTE), 
	"SPC_IMG_TEXT" VARCHAR2(4000 BYTE), 
	"SPC_IMG_OLD" VARCHAR2(100 BYTE)
   ) SEGMENT CREATION IMMEDIATE 
  PCTFREE 10 PCTUSED 40 INITRANS 1 MAXTRANS 255 NOCOMPRESS LOGGING
  STORAGE(INITIAL 65536 NEXT 1048576 MINEXTENTS 1 MAXEXTENTS 2147483645
  PCTINCREASE 0 FREELISTS 1 FREELIST GROUPS 1 BUFFER_POOL DEFAULT FLASH_CACHE DEFAULT CELL_FLASH_CACHE DEFAULT)
  TABLESPACE "USERS" ;
--------------------------------------------------------
--  DDL for Table SPC_DTL
--------------------------------------------------------

  CREATE TABLE "SEMISDG"."SPC_DTL" 
   (	"SPC_DETAIL_NO" NUMBER, 
	"SPC_NO" NUMBER, 
	"SPC_TYPE_NO" NUMBER, 
	"SPC_LOCATION_NO" NUMBER, 
	"SPC_DETAIL_AVAIL" CHAR(1 BYTE) DEFAULT 0, 
	"SPC_DETAIL_CONTENT" LONG, 
	"SPC_DETAIL_SHARING" CHAR(1 BYTE) DEFAULT 0, 
	"SPC_DETAIL_HOLIDAY" CHAR(1 BYTE) DEFAULT 0, 
	"SPC_DETAIL_SIZE" NUMBER, 
	"SPC_DETAIL_STORABLE" NUMBER, 
	"SPC_MAN_MIN" NUMBER DEFAULT 1, 
	"SPC_MAN_MAX" NUMBER DEFAULT 30, 
	"SPC_TIME_MIN" NUMBER DEFAULT 1, 
	"SPC_TIME_MAX" NUMBER, 
	"SPC_DATE_START" DATE, 
	"SPC_DATE_END" DATE, 
	"SPC_DETAIL_DATE" TIMESTAMP (6) DEFAULT SYSTIMESTAMP
   ) SEGMENT CREATION IMMEDIATE 
  PCTFREE 10 PCTUSED 40 INITRANS 1 MAXTRANS 255 NOCOMPRESS LOGGING
  STORAGE(INITIAL 65536 NEXT 1048576 MINEXTENTS 1 MAXEXTENTS 2147483645
  PCTINCREASE 0 FREELISTS 1 FREELIST GROUPS 1 BUFFER_POOL DEFAULT FLASH_CACHE DEFAULT CELL_FLASH_CACHE DEFAULT)
  TABLESPACE "USERS" ;
--------------------------------------------------------
--  DDL for Table SPC_IMG
--------------------------------------------------------

  CREATE TABLE "SEMISDG"."SPC_IMG" 
   (	"SPC_DETAIL_NO" NUMBER, 
	"SPC_IMG_TITLE" VARCHAR2(2000 BYTE), 
	"SPC_IMG_TEXT" VARCHAR2(4000 BYTE), 
	"SPC_IMG_ROUTE" VARCHAR2(100 BYTE), 
	"SPC_NO" NUMBER
   ) SEGMENT CREATION IMMEDIATE 
  PCTFREE 10 PCTUSED 40 INITRANS 1 MAXTRANS 255 NOCOMPRESS LOGGING
  STORAGE(INITIAL 65536 NEXT 1048576 MINEXTENTS 1 MAXEXTENTS 2147483645
  PCTINCREASE 0 FREELISTS 1 FREELIST GROUPS 1 BUFFER_POOL DEFAULT FLASH_CACHE DEFAULT CELL_FLASH_CACHE DEFAULT)
  TABLESPACE "USERS" ;
--------------------------------------------------------
--  DDL for Table SPC_IMG_DUAL
--------------------------------------------------------

  CREATE TABLE "SEMISDG"."SPC_IMG_DUAL" 
   (	"SPC_NO" NUMBER, 
	"SPC_IMG_TITLE" VARCHAR2(4000 BYTE)
   ) SEGMENT CREATION IMMEDIATE 
  PCTFREE 10 PCTUSED 40 INITRANS 1 MAXTRANS 255 NOCOMPRESS LOGGING
  STORAGE(INITIAL 65536 NEXT 1048576 MINEXTENTS 1 MAXEXTENTS 2147483645
  PCTINCREASE 0 FREELISTS 1 FREELIST GROUPS 1 BUFFER_POOL DEFAULT FLASH_CACHE DEFAULT CELL_FLASH_CACHE DEFAULT)
  TABLESPACE "USERS" ;
--------------------------------------------------------
--  DDL for Table SPC_LOC
--------------------------------------------------------

  CREATE TABLE "SEMISDG"."SPC_LOC" 
   (	"SPC_LOCATION_NO" NUMBER, 
	"SPC_LOCATION_NAME" VARCHAR2(100 BYTE)
   ) SEGMENT CREATION IMMEDIATE 
  PCTFREE 10 PCTUSED 40 INITRANS 1 MAXTRANS 255 NOCOMPRESS LOGGING
  STORAGE(INITIAL 65536 NEXT 1048576 MINEXTENTS 1 MAXEXTENTS 2147483645
  PCTINCREASE 0 FREELISTS 1 FREELIST GROUPS 1 BUFFER_POOL DEFAULT FLASH_CACHE DEFAULT CELL_FLASH_CACHE DEFAULT)
  TABLESPACE "USERS" ;
--------------------------------------------------------
--  DDL for Table SPC_OPT
--------------------------------------------------------

  CREATE TABLE "SEMISDG"."SPC_OPT" 
   (	"SPC_DETAIL_NO" NUMBER, 
	"SPC_OPTION_NO" NUMBER
   ) SEGMENT CREATION IMMEDIATE 
  PCTFREE 10 PCTUSED 40 INITRANS 1 MAXTRANS 255 NOCOMPRESS LOGGING
  STORAGE(INITIAL 65536 NEXT 1048576 MINEXTENTS 1 MAXEXTENTS 2147483645
  PCTINCREASE 0 FREELISTS 1 FREELIST GROUPS 1 BUFFER_POOL DEFAULT FLASH_CACHE DEFAULT CELL_FLASH_CACHE DEFAULT)
  TABLESPACE "USERS" ;
--------------------------------------------------------
--  DDL for Table SPC_OPT_LST
--------------------------------------------------------

  CREATE TABLE "SEMISDG"."SPC_OPT_LST" 
   (	"SPC_OPTION_NO" NUMBER, 
	"SPC_OPTION_NAME" VARCHAR2(100 BYTE), 
	"SPC_OPTION_ICON" VARCHAR2(100 BYTE), 
	"SPC_OPTION_DATE" TIMESTAMP (6) DEFAULT SYSTIMESTAMP
   ) SEGMENT CREATION IMMEDIATE 
  PCTFREE 10 PCTUSED 40 INITRANS 1 MAXTRANS 255 NOCOMPRESS LOGGING
  STORAGE(INITIAL 65536 NEXT 1048576 MINEXTENTS 1 MAXEXTENTS 2147483645
  PCTINCREASE 0 FREELISTS 1 FREELIST GROUPS 1 BUFFER_POOL DEFAULT FLASH_CACHE DEFAULT CELL_FLASH_CACHE DEFAULT)
  TABLESPACE "USERS" ;
--------------------------------------------------------
--  DDL for Table SPC_PRICE
--------------------------------------------------------

  CREATE TABLE "SEMISDG"."SPC_PRICE" 
   (	"SPC_PRICE_NO" NUMBER, 
	"SPC_DETAIL_NO" NUMBER, 
	"SPC_DETAIL_NAME" VARCHAR2(100 BYTE), 
	"SPC_PRICE_DAY" VARCHAR2(1000 BYTE), 
	"SPC_PRICE_START" NUMBER, 
	"SPC_PRICE_END" NUMBER, 
	"SPC_PRICE_PEAK" CHAR(1 BYTE) DEFAULT 0, 
	"SPC_PRICE_PERMAN" CHAR(1 BYTE) DEFAULT 0, 
	"SPC_PRICE_DAY_BOOL" CHAR(1 BYTE) DEFAULT 0, 
	"SPC_PRICE_PRICE" NUMBER DEFAULT 0
   ) SEGMENT CREATION IMMEDIATE 
  PCTFREE 10 PCTUSED 40 INITRANS 1 MAXTRANS 255 NOCOMPRESS LOGGING
  STORAGE(INITIAL 65536 NEXT 1048576 MINEXTENTS 1 MAXEXTENTS 2147483645
  PCTINCREASE 0 FREELISTS 1 FREELIST GROUPS 1 BUFFER_POOL DEFAULT FLASH_CACHE DEFAULT CELL_FLASH_CACHE DEFAULT)
  TABLESPACE "USERS" ;
--------------------------------------------------------
--  DDL for Table SPC_RES
--------------------------------------------------------

  CREATE TABLE "SEMISDG"."SPC_RES" 
   (	"RES_GROUP_NO" NUMBER, 
	"MEM_ID" VARCHAR2(100 BYTE), 
	"SPC_NO" NUMBER, 
	"RES_MANY" NUMBER, 
	"RES_NAME" VARCHAR2(100 BYTE), 
	"RES_PHONE" VARCHAR2(100 BYTE), 
	"RES_EMAIL" VARCHAR2(255 BYTE), 
	"RES_CONTENT" VARCHAR2(4000 BYTE), 
	"RES_APPLY" TIMESTAMP (6) DEFAULT SYSTIMESTAMP
   ) SEGMENT CREATION IMMEDIATE 
  PCTFREE 10 PCTUSED 40 INITRANS 1 MAXTRANS 255 NOCOMPRESS LOGGING
  STORAGE(INITIAL 65536 NEXT 1048576 MINEXTENTS 1 MAXEXTENTS 2147483645
  PCTINCREASE 0 FREELISTS 1 FREELIST GROUPS 1 BUFFER_POOL DEFAULT FLASH_CACHE DEFAULT CELL_FLASH_CACHE DEFAULT)
  TABLESPACE "USERS" ;
--------------------------------------------------------
--  DDL for Table SPC_RES_GRP
--------------------------------------------------------

  CREATE TABLE "SEMISDG"."SPC_RES_GRP" 
   (	"RES_NO" NUMBER, 
	"RES_GROUP_NO" NUMBER, 
	"RES_CANCLE" CHAR(1 BYTE) DEFAULT 0, 
	"RES_TIME" TIMESTAMP (6), 
	"RES_PRIOR" NUMBER DEFAULT 0, 
	"RES_TIME_APPLY" TIMESTAMP (6) DEFAULT SYSTIMESTAMP
   ) SEGMENT CREATION IMMEDIATE 
  PCTFREE 10 PCTUSED 40 INITRANS 1 MAXTRANS 255 NOCOMPRESS LOGGING
  STORAGE(INITIAL 65536 NEXT 1048576 MINEXTENTS 1 MAXEXTENTS 2147483645
  PCTINCREASE 0 FREELISTS 1 FREELIST GROUPS 1 BUFFER_POOL DEFAULT FLASH_CACHE DEFAULT CELL_FLASH_CACHE DEFAULT)
  TABLESPACE "USERS" ;
--------------------------------------------------------
--  DDL for Table SPC_TIMETABLE
--------------------------------------------------------

  CREATE TABLE "SEMISDG"."SPC_TIMETABLE" 
   (	"SPC_DETAIL_NO" NUMBER, 
	"SPC_DAY" VARCHAR2(1000 BYTE), 
	"SPC_HOUR_START" NUMBER, 
	"SPC_HOUR_END" NUMBER, 
	"SPC_AVAIL" CHAR(1 BYTE) DEFAULT 0
   ) SEGMENT CREATION IMMEDIATE 
  PCTFREE 10 PCTUSED 40 INITRANS 1 MAXTRANS 255 NOCOMPRESS LOGGING
  STORAGE(INITIAL 65536 NEXT 1048576 MINEXTENTS 1 MAXEXTENTS 2147483645
  PCTINCREASE 0 FREELISTS 1 FREELIST GROUPS 1 BUFFER_POOL DEFAULT FLASH_CACHE DEFAULT CELL_FLASH_CACHE DEFAULT)
  TABLESPACE "USERS" ;
--------------------------------------------------------
--  DDL for Table SPC_TIME_EXP
--------------------------------------------------------

  CREATE TABLE "SEMISDG"."SPC_TIME_EXP" 
   (	"SPC_DETAIL_NO" NUMBER, 
	"SPC_EXCEP_DATE" DATE, 
	"SPC_EXCEP_START" NUMBER, 
	"SPC_EXCEP_END" NUMBER, 
	"SPC_AVAIL" CHAR(1 BYTE) DEFAULT 0
   ) SEGMENT CREATION IMMEDIATE 
  PCTFREE 10 PCTUSED 40 INITRANS 1 MAXTRANS 255 NOCOMPRESS LOGGING
  STORAGE(INITIAL 65536 NEXT 1048576 MINEXTENTS 1 MAXEXTENTS 2147483645
  PCTINCREASE 0 FREELISTS 1 FREELIST GROUPS 1 BUFFER_POOL DEFAULT FLASH_CACHE DEFAULT CELL_FLASH_CACHE DEFAULT)
  TABLESPACE "USERS" ;
--------------------------------------------------------
--  DDL for Table SPC_TYPE
--------------------------------------------------------

  CREATE TABLE "SEMISDG"."SPC_TYPE" 
   (	"SPC_TYPE_NO" NUMBER, 
	"SPC_TYPE_NAME" VARCHAR2(100 BYTE)
   ) SEGMENT CREATION IMMEDIATE 
  PCTFREE 10 PCTUSED 40 INITRANS 1 MAXTRANS 255 NOCOMPRESS LOGGING
  STORAGE(INITIAL 65536 NEXT 1048576 MINEXTENTS 1 MAXEXTENTS 2147483645
  PCTINCREASE 0 FREELISTS 1 FREELIST GROUPS 1 BUFFER_POOL DEFAULT FLASH_CACHE DEFAULT CELL_FLASH_CACHE DEFAULT)
  TABLESPACE "USERS" ;
REM INSERTING into SEMISDG.CMMT_RPT
SET DEFINE OFF;
REM INSERTING into SEMISDG.MEMBERSHIP
SET DEFINE OFF;
Insert into SEMISDG.MEMBERSHIP (MEM_ID,MEM_PASS,MEM_NAME,MEM_ROLE,MEM_ADMIN,MEM_POINT,MEM_GRADE_NAME,MEM_GENDER,MEM_BIRTH,MEM_EMAIL,MEM_PHONE,MEM_ADDR,MEM_DATE,MEM_REST,MEM_LASTLOGIN) values ('admin','admin','관리자','0','1',0,0,0,to_date('20/02/17','RR/MM/DD'),'leesh4719@naver.com',null,null,to_timestamp('20/02/17 21:00:45.088000000','RR/MM/DD HH24:MI:SSXFF'),null,to_date('20/02/17','RR/MM/DD'));
Insert into SEMISDG.MEMBERSHIP (MEM_ID,MEM_PASS,MEM_NAME,MEM_ROLE,MEM_ADMIN,MEM_POINT,MEM_GRADE_NAME,MEM_GENDER,MEM_BIRTH,MEM_EMAIL,MEM_PHONE,MEM_ADDR,MEM_DATE,MEM_REST,MEM_LASTLOGIN) values ('testid','testpwd','testname','1','0',0,0,1,to_date('20/02/17','RR/MM/DD'),'testemail','01000000000','seoul',to_timestamp('20/02/17 20:11:03.686000000','RR/MM/DD HH24:MI:SSXFF'),null,to_date('20/02/17','RR/MM/DD'));
Insert into SEMISDG.MEMBERSHIP (MEM_ID,MEM_PASS,MEM_NAME,MEM_ROLE,MEM_ADMIN,MEM_POINT,MEM_GRADE_NAME,MEM_GENDER,MEM_BIRTH,MEM_EMAIL,MEM_PHONE,MEM_ADDR,MEM_DATE,MEM_REST,MEM_LASTLOGIN) values ('bantestid','1234',' qwe','0','0',0,0,0,to_date('34/11/12','RR/MM/DD'),'test@mail.com',null,null,to_timestamp('20/02/18 19:39:01.947000000','RR/MM/DD HH24:MI:SSXFF'),null,to_date('20/02/18','RR/MM/DD'));
REM INSERTING into SEMISDG.MEMBER_BLK
SET DEFINE OFF;
Insert into SEMISDG.MEMBER_BLK (MEM_ID,BLOCK_WRITE,BLOCK_COMMENT,BLOCK_MEMO) values ('bantestid',to_timestamp('20/05/18 19:40:49.000000000','RR/MM/DD HH24:MI:SSXFF'),to_timestamp('20/05/18 19:40:49.000000000','RR/MM/DD HH24:MI:SSXFF'),'asdf');
REM INSERTING into SEMISDG.MEMBER_BUSI
SET DEFINE OFF;
REM INSERTING into SEMISDG.MEMBER_GRD
SET DEFINE OFF;
Insert into SEMISDG.MEMBER_GRD (MEM_GRADE_NAME,MEM_GRADE_POINT) values (0,0);
Insert into SEMISDG.MEMBER_GRD (MEM_GRADE_NAME,MEM_GRADE_POINT) values (1,0);
Insert into SEMISDG.MEMBER_GRD (MEM_GRADE_NAME,MEM_GRADE_POINT) values (2,0);
Insert into SEMISDG.MEMBER_GRD (MEM_GRADE_NAME,MEM_GRADE_POINT) values (3,0);
Insert into SEMISDG.MEMBER_GRD (MEM_GRADE_NAME,MEM_GRADE_POINT) values (4,0);
Insert into SEMISDG.MEMBER_GRD (MEM_GRADE_NAME,MEM_GRADE_POINT) values (5,0);
REM INSERTING into SEMISDG.REVIEW
SET DEFINE OFF;
Insert into SEMISDG.REVIEW (REVIEW_NO,SPC_NO,MEM_ID,REVIEW_ORI_NO,REVIEW_STAR,REVIEW_TYPE,REVIEW_TITLE,REVIEW_CONTENT,REVIEW_FILE,REVIEW_UPFILE,REVIEW_DATE,REVIEW_READCNT,REVIEW_RECOMMEND,REVIEW_DELETE) values (4,48,'testid',0,5,null,'dfsfsdf',null,null,null,to_timestamp('20/02/18 20:07:22.650000000','RR/MM/DD HH24:MI:SSXFF'),0,0,'0');
REM INSERTING into SEMISDG.REVIEW_CMNT
SET DEFINE OFF;
REM INSERTING into SEMISDG.REVIEW_RPT
SET DEFINE OFF;
REM INSERTING into SEMISDG.SPC
SET DEFINE OFF;
Insert into SEMISDG.SPC (SPC_NO,MEM_ID,SPC_NAME,SPC_ADDR,SPC_CONTENT,SPC_AVAIL,SPC_DATE) values (49,'testid','영영세미나실',null,null,'1',to_timestamp('20/02/19 07:50:57.411000000','RR/MM/DD HH24:MI:SSXFF'));
Insert into SEMISDG.SPC (SPC_NO,MEM_ID,SPC_NAME,SPC_ADDR,SPC_CONTENT,SPC_AVAIL,SPC_DATE) values (51,'testid','선릉역 워크샵 세미나 스파크플러스',null,null,'1',to_timestamp('20/02/19 07:57:23.638000000','RR/MM/DD HH24:MI:SSXFF'));
Insert into SEMISDG.SPC (SPC_NO,MEM_ID,SPC_NAME,SPC_ADDR,SPC_CONTENT,SPC_AVAIL,SPC_DATE) values (52,'testid','사당2호점 에이스페이스',null,null,'1',to_timestamp('20/02/19 07:59:45.779000000','RR/MM/DD HH24:MI:SSXFF'));
Insert into SEMISDG.SPC (SPC_NO,MEM_ID,SPC_NAME,SPC_ADDR,SPC_CONTENT,SPC_AVAIL,SPC_DATE) values (53,'testid','바다 앞 휴양지 바다향기농원',null,null,'1',to_timestamp('20/02/19 08:02:58.701000000','RR/MM/DD HH24:MI:SSXFF'));
Insert into SEMISDG.SPC (SPC_NO,MEM_ID,SPC_NAME,SPC_ADDR,SPC_CONTENT,SPC_AVAIL,SPC_DATE) values (54,'testid','해운대 요트 파뤼',null,null,'1',to_timestamp('20/02/19 08:06:51.160000000','RR/MM/DD HH24:MI:SSXFF'));
Insert into SEMISDG.SPC (SPC_NO,MEM_ID,SPC_NAME,SPC_ADDR,SPC_CONTENT,SPC_AVAIL,SPC_DATE) values (55,'testid','대구파티룸 르레브29',null,null,'1',to_timestamp('20/02/19 08:09:06.712000000','RR/MM/DD HH24:MI:SSXFF'));
Insert into SEMISDG.SPC (SPC_NO,MEM_ID,SPC_NAME,SPC_ADDR,SPC_CONTENT,SPC_AVAIL,SPC_DATE) values (56,'testid','신촌파티룸 미드나잇 소형룸 특가',null,null,'1',to_timestamp('20/02/19 08:11:03.818000000','RR/MM/DD HH24:MI:SSXFF'));
Insert into SEMISDG.SPC (SPC_NO,MEM_ID,SPC_NAME,SPC_ADDR,SPC_CONTENT,SPC_AVAIL,SPC_DATE) values (57,'testid','썸타는여행',null,null,'1',to_timestamp('20/02/19 08:13:14.595000000','RR/MM/DD HH24:MI:SSXFF'));
Insert into SEMISDG.SPC (SPC_NO,MEM_ID,SPC_NAME,SPC_ADDR,SPC_CONTENT,SPC_AVAIL,SPC_DATE) values (58,'testid','루끄Look',null,null,'1',to_timestamp('20/02/19 08:18:08.183000000','RR/MM/DD HH24:MI:SSXFF'));
Insert into SEMISDG.SPC (SPC_NO,MEM_ID,SPC_NAME,SPC_ADDR,SPC_CONTENT,SPC_AVAIL,SPC_DATE) values (59,'testid','필립',null,null,'1',to_timestamp('20/02/19 08:20:49.703000000','RR/MM/DD HH24:MI:SSXFF'));
Insert into SEMISDG.SPC (SPC_NO,MEM_ID,SPC_NAME,SPC_ADDR,SPC_CONTENT,SPC_AVAIL,SPC_DATE) values (60,'testid','리바트스테이 세종점',null,null,'1',to_timestamp('20/02/19 08:22:42.743000000','RR/MM/DD HH24:MI:SSXFF'));
Insert into SEMISDG.SPC (SPC_NO,MEM_ID,SPC_NAME,SPC_ADDR,SPC_CONTENT,SPC_AVAIL,SPC_DATE) values (61,'testid','브런치맛집 정카페',null,null,'1',to_timestamp('20/02/19 08:25:42.752000000','RR/MM/DD HH24:MI:SSXFF'));
Insert into SEMISDG.SPC (SPC_NO,MEM_ID,SPC_NAME,SPC_ADDR,SPC_CONTENT,SPC_AVAIL,SPC_DATE) values (62,'testid','후암서재 Sharedstudy',null,null,'1',to_timestamp('20/02/19 08:28:05.712000000','RR/MM/DD HH24:MI:SSXFF'));
Insert into SEMISDG.SPC (SPC_NO,MEM_ID,SPC_NAME,SPC_ADDR,SPC_CONTENT,SPC_AVAIL,SPC_DATE) values (63,'testid','소셜팩토리 1호점',null,null,'1',to_timestamp('20/02/19 08:29:52.159000000','RR/MM/DD HH24:MI:SSXFF'));
Insert into SEMISDG.SPC (SPC_NO,MEM_ID,SPC_NAME,SPC_ADDR,SPC_CONTENT,SPC_AVAIL,SPC_DATE) values (64,'testid','공간명을 입력해주위스토어일산점 공동사무실 1인실세요',null,null,'1',to_timestamp('20/02/19 08:33:15.042000000','RR/MM/DD HH24:MI:SSXFF'));
Insert into SEMISDG.SPC (SPC_NO,MEM_ID,SPC_NAME,SPC_ADDR,SPC_CONTENT,SPC_AVAIL,SPC_DATE) values (66,'testid','슈가맨워크 상동2호점 자유석',null,null,'1',to_timestamp('20/02/19 08:38:05.145000000','RR/MM/DD HH24:MI:SSXFF'));
Insert into SEMISDG.SPC (SPC_NO,MEM_ID,SPC_NAME,SPC_ADDR,SPC_CONTENT,SPC_AVAIL,SPC_DATE) values (67,'testid','마이워크스페이스 3호점',null,null,'1',to_timestamp('20/02/19 08:39:46.272000000','RR/MM/DD HH24:MI:SSXFF'));
Insert into SEMISDG.SPC (SPC_NO,MEM_ID,SPC_NAME,SPC_ADDR,SPC_CONTENT,SPC_AVAIL,SPC_DATE) values (68,'testid','신촌역 일하기 좋은 책다방 위숨',null,null,'1',to_timestamp('20/02/19 08:42:12.057000000','RR/MM/DD HH24:MI:SSXFF'));
Insert into SEMISDG.SPC (SPC_NO,MEM_ID,SPC_NAME,SPC_ADDR,SPC_CONTENT,SPC_AVAIL,SPC_DATE) values (69,'testid','모두의카페 다다름',null,null,'1',to_timestamp('20/02/19 08:43:57.929000000','RR/MM/DD HH24:MI:SSXFF'));
Insert into SEMISDG.SPC (SPC_NO,MEM_ID,SPC_NAME,SPC_ADDR,SPC_CONTENT,SPC_AVAIL,SPC_DATE) values (70,'testid','채움',null,null,'1',to_timestamp('20/02/19 13:00:56.230000000','RR/MM/DD HH24:MI:SSXFF'));
Insert into SEMISDG.SPC (SPC_NO,MEM_ID,SPC_NAME,SPC_ADDR,SPC_CONTENT,SPC_AVAIL,SPC_DATE) values (48,'testid','공간명을 입력해주세요',null,null,'1',to_timestamp('20/02/17 20:11:53.110000000','RR/MM/DD HH24:MI:SSXFF'));
Insert into SEMISDG.SPC (SPC_NO,MEM_ID,SPC_NAME,SPC_ADDR,SPC_CONTENT,SPC_AVAIL,SPC_DATE) values (50,'testid','서울각 seoulgak',null,null,'1',to_timestamp('20/02/19 07:55:30.066000000','RR/MM/DD HH24:MI:SSXFF'));
Insert into SEMISDG.SPC (SPC_NO,MEM_ID,SPC_NAME,SPC_ADDR,SPC_CONTENT,SPC_AVAIL,SPC_DATE) values (65,'testid','카페24창업센터 성남수진 1인실',null,null,'1',to_timestamp('20/02/19 08:35:22.496000000','RR/MM/DD HH24:MI:SSXFF'));
REM INSERTING into SEMISDG.SPC_CTT_IMG
SET DEFINE OFF;
Insert into SEMISDG.SPC_CTT_IMG (SPC_DETAIL_NO,SPC_NO,SPC_IMG_TITLE,SPC_IMG_TEXT,SPC_IMG_OLD) values (49,49,'20200219_075057345_414.png','설명','''C:\Workspaces\semi_workspace\SDG\WebContent\upload');
Insert into SEMISDG.SPC_CTT_IMG (SPC_DETAIL_NO,SPC_NO,SPC_IMG_TITLE,SPC_IMG_TEXT,SPC_IMG_OLD) values (51,51,'20200219_075723591_463.png','설명','''C:\Workspaces\semi_workspace\SDG\WebContent\upload');
Insert into SEMISDG.SPC_CTT_IMG (SPC_DETAIL_NO,SPC_NO,SPC_IMG_TITLE,SPC_IMG_TEXT,SPC_IMG_OLD) values (52,52,'20200219_075945736_541.png','설명','''C:\Workspaces\semi_workspace\SDG\WebContent\upload');
Insert into SEMISDG.SPC_CTT_IMG (SPC_DETAIL_NO,SPC_NO,SPC_IMG_TITLE,SPC_IMG_TEXT,SPC_IMG_OLD) values (53,53,'20200219_080258657_363.png','설명','''C:\Workspaces\semi_workspace\SDG\WebContent\upload');
Insert into SEMISDG.SPC_CTT_IMG (SPC_DETAIL_NO,SPC_NO,SPC_IMG_TITLE,SPC_IMG_TEXT,SPC_IMG_OLD) values (54,54,'20200219_080651117_603.png','설명','''C:\Workspaces\semi_workspace\SDG\WebContent\upload');
Insert into SEMISDG.SPC_CTT_IMG (SPC_DETAIL_NO,SPC_NO,SPC_IMG_TITLE,SPC_IMG_TEXT,SPC_IMG_OLD) values (55,55,'20200219_080906668_802.png','설명','''C:\Workspaces\semi_workspace\SDG\WebContent\upload');
Insert into SEMISDG.SPC_CTT_IMG (SPC_DETAIL_NO,SPC_NO,SPC_IMG_TITLE,SPC_IMG_TEXT,SPC_IMG_OLD) values (56,56,'20200219_081103774_49.png','설명','''C:\Workspaces\semi_workspace\SDG\WebContent\upload');
Insert into SEMISDG.SPC_CTT_IMG (SPC_DETAIL_NO,SPC_NO,SPC_IMG_TITLE,SPC_IMG_TEXT,SPC_IMG_OLD) values (57,57,'20200219_081314548_996.png','설명','''C:\Workspaces\semi_workspace\SDG\WebContent\upload');
Insert into SEMISDG.SPC_CTT_IMG (SPC_DETAIL_NO,SPC_NO,SPC_IMG_TITLE,SPC_IMG_TEXT,SPC_IMG_OLD) values (58,58,'20200219_081808135_503.png','설명','''C:\Workspaces\semi_workspace\SDG\WebContent\upload');
Insert into SEMISDG.SPC_CTT_IMG (SPC_DETAIL_NO,SPC_NO,SPC_IMG_TITLE,SPC_IMG_TEXT,SPC_IMG_OLD) values (59,59,'20200219_082049654_810.png','설명','''C:\Workspaces\semi_workspace\SDG\WebContent\upload');
Insert into SEMISDG.SPC_CTT_IMG (SPC_DETAIL_NO,SPC_NO,SPC_IMG_TITLE,SPC_IMG_TEXT,SPC_IMG_OLD) values (60,60,'20200219_082242701_173.png','설명','''C:\Workspaces\semi_workspace\SDG\WebContent\upload');
Insert into SEMISDG.SPC_CTT_IMG (SPC_DETAIL_NO,SPC_NO,SPC_IMG_TITLE,SPC_IMG_TEXT,SPC_IMG_OLD) values (61,61,'20200219_082542706_166.png','설명','''C:\Workspaces\semi_workspace\SDG\WebContent\upload');
Insert into SEMISDG.SPC_CTT_IMG (SPC_DETAIL_NO,SPC_NO,SPC_IMG_TITLE,SPC_IMG_TEXT,SPC_IMG_OLD) values (62,62,'20200219_082805671_181.png','설명','''C:\Workspaces\semi_workspace\SDG\WebContent\upload');
Insert into SEMISDG.SPC_CTT_IMG (SPC_DETAIL_NO,SPC_NO,SPC_IMG_TITLE,SPC_IMG_TEXT,SPC_IMG_OLD) values (63,63,'20200219_082952105_336.png','설명','''C:\Workspaces\semi_workspace\SDG\WebContent\upload');
Insert into SEMISDG.SPC_CTT_IMG (SPC_DETAIL_NO,SPC_NO,SPC_IMG_TITLE,SPC_IMG_TEXT,SPC_IMG_OLD) values (64,64,'20200219_083314999_40.png','설명','''C:\Workspaces\semi_workspace\SDG\WebContent\upload');
Insert into SEMISDG.SPC_CTT_IMG (SPC_DETAIL_NO,SPC_NO,SPC_IMG_TITLE,SPC_IMG_TEXT,SPC_IMG_OLD) values (66,66,'20200219_083805104_259.png','설명','''C:\Workspaces\semi_workspace\SDG\WebContent\upload');
Insert into SEMISDG.SPC_CTT_IMG (SPC_DETAIL_NO,SPC_NO,SPC_IMG_TITLE,SPC_IMG_TEXT,SPC_IMG_OLD) values (67,67,'20200219_083946229_339.png','설명','''C:\Workspaces\semi_workspace\SDG\WebContent\upload');
Insert into SEMISDG.SPC_CTT_IMG (SPC_DETAIL_NO,SPC_NO,SPC_IMG_TITLE,SPC_IMG_TEXT,SPC_IMG_OLD) values (68,68,'20200219_084211997_694.png','설명','''C:\Workspaces\semi_workspace\SDG\WebContent\upload');
Insert into SEMISDG.SPC_CTT_IMG (SPC_DETAIL_NO,SPC_NO,SPC_IMG_TITLE,SPC_IMG_TEXT,SPC_IMG_OLD) values (69,69,'20200219_084357885_787.png','설명','''C:\Workspaces\semi_workspace\SDG\WebContent\upload');
Insert into SEMISDG.SPC_CTT_IMG (SPC_DETAIL_NO,SPC_NO,SPC_IMG_TITLE,SPC_IMG_TEXT,SPC_IMG_OLD) values (70,70,'20200219_130056155_614.png','설명','''C:\Workspaces\semi_workspace\SDG\WebContent\upload');
Insert into SEMISDG.SPC_CTT_IMG (SPC_DETAIL_NO,SPC_NO,SPC_IMG_TITLE,SPC_IMG_TEXT,SPC_IMG_OLD) values (48,48,'20200217_201153035_675.png','설명','''C:\Workspaces\semi_workspace\SDG\WebContent\upload');
Insert into SEMISDG.SPC_CTT_IMG (SPC_DETAIL_NO,SPC_NO,SPC_IMG_TITLE,SPC_IMG_TEXT,SPC_IMG_OLD) values (50,50,'20200219_075530021_633.png','설명','''C:\Workspaces\semi_workspace\SDG\WebContent\upload');
Insert into SEMISDG.SPC_CTT_IMG (SPC_DETAIL_NO,SPC_NO,SPC_IMG_TITLE,SPC_IMG_TEXT,SPC_IMG_OLD) values (65,65,'20200219_083522455_670.png','설명','''C:\Workspaces\semi_workspace\SDG\WebContent\upload');
REM INSERTING into SEMISDG.SPC_DTL
SET DEFINE OFF;
Insert into SEMISDG.SPC_DTL (SPC_DETAIL_NO,SPC_NO,SPC_TYPE_NO,SPC_LOCATION_NO,SPC_DETAIL_AVAIL,SPC_DETAIL_CONTENT,SPC_DETAIL_SHARING,SPC_DETAIL_HOLIDAY,SPC_DETAIL_SIZE,SPC_DETAIL_STORABLE,SPC_MAN_MIN,SPC_MAN_MAX,SPC_TIME_MIN,SPC_TIME_MAX,SPC_DATE_START,SPC_DATE_END,SPC_DETAIL_DATE) values (49,49,1,1,'0','강의장 / 강연장 / 사업설명회 / 회의장','0','0',2,1,1,20,1,48,to_date('20/02/18','RR/MM/DD'),to_date('20/10/20','RR/MM/DD'),to_timestamp('20/02/19 07:50:57.436000000','RR/MM/DD HH24:MI:SSXFF'));
Insert into SEMISDG.SPC_DTL (SPC_DETAIL_NO,SPC_NO,SPC_TYPE_NO,SPC_LOCATION_NO,SPC_DETAIL_AVAIL,SPC_DETAIL_CONTENT,SPC_DETAIL_SHARING,SPC_DETAIL_HOLIDAY,SPC_DETAIL_SIZE,SPC_DETAIL_STORABLE,SPC_MAN_MIN,SPC_MAN_MAX,SPC_TIME_MIN,SPC_TIME_MAX,SPC_DATE_START,SPC_DATE_END,SPC_DETAIL_DATE) values (51,51,2,1,'0','선릉역 도보3분 거리의 최대 80명 수용 이벤트홀','0','0',10,100,1,10,1,48,to_date('20/02/14','RR/MM/DD'),to_date('21/02/15','RR/MM/DD'),to_timestamp('20/02/19 07:57:23.654000000','RR/MM/DD HH24:MI:SSXFF'));
Insert into SEMISDG.SPC_DTL (SPC_DETAIL_NO,SPC_NO,SPC_TYPE_NO,SPC_LOCATION_NO,SPC_DETAIL_AVAIL,SPC_DETAIL_CONTENT,SPC_DETAIL_SHARING,SPC_DETAIL_HOLIDAY,SPC_DETAIL_SIZE,SPC_DETAIL_STORABLE,SPC_MAN_MIN,SPC_MAN_MAX,SPC_TIME_MIN,SPC_TIME_MAX,SPC_DATE_START,SPC_DATE_END,SPC_DETAIL_DATE) values (52,52,2,1,'0','사당역 10번출구 전력질주 3초거리','0','0',3,30,1,10,1,48,to_date('20/02/14','RR/MM/DD'),to_date('21/02/15','RR/MM/DD'),to_timestamp('20/02/19 07:59:45.793000000','RR/MM/DD HH24:MI:SSXFF'));
Insert into SEMISDG.SPC_DTL (SPC_DETAIL_NO,SPC_NO,SPC_TYPE_NO,SPC_LOCATION_NO,SPC_DETAIL_AVAIL,SPC_DETAIL_CONTENT,SPC_DETAIL_SHARING,SPC_DETAIL_HOLIDAY,SPC_DETAIL_SIZE,SPC_DETAIL_STORABLE,SPC_MAN_MIN,SPC_MAN_MAX,SPC_TIME_MIN,SPC_TIME_MAX,SPC_DATE_START,SPC_DATE_END,SPC_DETAIL_DATE) values (53,53,3,2,'0','서울에서 가장 가까운 바다 앞 완벽한 당일파티장소','0','0',3,100,1,10,1,48,to_date('20/02/14','RR/MM/DD'),to_date('21/02/15','RR/MM/DD'),to_timestamp('20/02/19 08:02:58.715000000','RR/MM/DD HH24:MI:SSXFF'));
Insert into SEMISDG.SPC_DTL (SPC_DETAIL_NO,SPC_NO,SPC_TYPE_NO,SPC_LOCATION_NO,SPC_DETAIL_AVAIL,SPC_DETAIL_CONTENT,SPC_DETAIL_SHARING,SPC_DETAIL_HOLIDAY,SPC_DETAIL_SIZE,SPC_DETAIL_STORABLE,SPC_MAN_MIN,SPC_MAN_MAX,SPC_TIME_MIN,SPC_TIME_MAX,SPC_DATE_START,SPC_DATE_END,SPC_DETAIL_DATE) values (54,54,3,12,'0','바다 위 요트 #꿀뷰 #특별한모임 #파티 #고기','0','0',1,5,1,5,1,48,to_date('20/02/14','RR/MM/DD'),to_date('21/02/15','RR/MM/DD'),to_timestamp('20/02/19 08:06:51.174000000','RR/MM/DD HH24:MI:SSXFF'));
Insert into SEMISDG.SPC_DTL (SPC_DETAIL_NO,SPC_NO,SPC_TYPE_NO,SPC_LOCATION_NO,SPC_DETAIL_AVAIL,SPC_DETAIL_CONTENT,SPC_DETAIL_SHARING,SPC_DETAIL_HOLIDAY,SPC_DETAIL_SIZE,SPC_DETAIL_STORABLE,SPC_MAN_MIN,SPC_MAN_MAX,SPC_TIME_MIN,SPC_TIME_MAX,SPC_DATE_START,SPC_DATE_END,SPC_DETAIL_DATE) values (55,55,4,9,'0','4가지 컨셉의 프라이빗한 파티 공간!','0','0',7,6,1,6,1,48,to_date('20/02/14','RR/MM/DD'),to_date('21/02/15','RR/MM/DD'),to_timestamp('20/02/19 08:09:06.727000000','RR/MM/DD HH24:MI:SSXFF'));
Insert into SEMISDG.SPC_DTL (SPC_DETAIL_NO,SPC_NO,SPC_TYPE_NO,SPC_LOCATION_NO,SPC_DETAIL_AVAIL,SPC_DETAIL_CONTENT,SPC_DETAIL_SHARING,SPC_DETAIL_HOLIDAY,SPC_DETAIL_SIZE,SPC_DETAIL_STORABLE,SPC_MAN_MIN,SPC_MAN_MAX,SPC_TIME_MIN,SPC_TIME_MAX,SPC_DATE_START,SPC_DATE_END,SPC_DETAIL_DATE) values (56,56,4,1,'0','파티룸숙박, MT, 생일파티, 브라이덜샤워, 대관','0','0',3,100,1,10,1,48,to_date('20/02/14','RR/MM/DD'),to_date('21/02/15','RR/MM/DD'),to_timestamp('20/02/19 08:11:03.833000000','RR/MM/DD HH24:MI:SSXFF'));
Insert into SEMISDG.SPC_DTL (SPC_DETAIL_NO,SPC_NO,SPC_TYPE_NO,SPC_LOCATION_NO,SPC_DETAIL_AVAIL,SPC_DETAIL_CONTENT,SPC_DETAIL_SHARING,SPC_DETAIL_HOLIDAY,SPC_DETAIL_SIZE,SPC_DETAIL_STORABLE,SPC_MAN_MIN,SPC_MAN_MAX,SPC_TIME_MIN,SPC_TIME_MAX,SPC_DATE_START,SPC_DATE_END,SPC_DETAIL_DATE) values (57,57,4,1,'0','여행처럼 좋은 설렘 Short Holiday!','0','0',3,100,1,10,1,48,to_date('20/02/14','RR/MM/DD'),to_date('21/02/15','RR/MM/DD'),to_timestamp('20/02/19 08:13:14.609000000','RR/MM/DD HH24:MI:SSXFF'));
Insert into SEMISDG.SPC_DTL (SPC_DETAIL_NO,SPC_NO,SPC_TYPE_NO,SPC_LOCATION_NO,SPC_DETAIL_AVAIL,SPC_DETAIL_CONTENT,SPC_DETAIL_SHARING,SPC_DETAIL_HOLIDAY,SPC_DETAIL_SIZE,SPC_DETAIL_STORABLE,SPC_MAN_MIN,SPC_MAN_MAX,SPC_TIME_MIN,SPC_TIME_MAX,SPC_DATE_START,SPC_DATE_END,SPC_DETAIL_DATE) values (58,58,5,1,'0','여심취향저격 프라이빗 소규모공연장 루끄(Look)','0','0',3,100,1,10,1,48,to_date('20/02/14','RR/MM/DD'),to_date('21/02/15','RR/MM/DD'),to_timestamp('20/02/19 08:18:08.199000000','RR/MM/DD HH24:MI:SSXFF'));
Insert into SEMISDG.SPC_DTL (SPC_DETAIL_NO,SPC_NO,SPC_TYPE_NO,SPC_LOCATION_NO,SPC_DETAIL_AVAIL,SPC_DETAIL_CONTENT,SPC_DETAIL_SHARING,SPC_DETAIL_HOLIDAY,SPC_DETAIL_SIZE,SPC_DETAIL_STORABLE,SPC_MAN_MIN,SPC_MAN_MAX,SPC_TIME_MIN,SPC_TIME_MAX,SPC_DATE_START,SPC_DATE_END,SPC_DETAIL_DATE) values (59,59,5,1,'0','홍대입구역1분 홍대연습실','0','0',1,3,1,3,1,48,to_date('20/02/14','RR/MM/DD'),to_date('21/02/15','RR/MM/DD'),to_timestamp('20/02/19 08:20:49.720000000','RR/MM/DD HH24:MI:SSXFF'));
Insert into SEMISDG.SPC_DTL (SPC_DETAIL_NO,SPC_NO,SPC_TYPE_NO,SPC_LOCATION_NO,SPC_DETAIL_AVAIL,SPC_DETAIL_CONTENT,SPC_DETAIL_SHARING,SPC_DETAIL_HOLIDAY,SPC_DETAIL_SIZE,SPC_DETAIL_STORABLE,SPC_MAN_MIN,SPC_MAN_MAX,SPC_TIME_MIN,SPC_TIME_MAX,SPC_DATE_START,SPC_DATE_END,SPC_DETAIL_DATE) values (60,60,6,4,'0','리바트스테이의 북카페 공간입니다','0','0',2,20,1,7,1,48,to_date('20/02/14','RR/MM/DD'),to_date('21/02/15','RR/MM/DD'),to_timestamp('20/02/19 08:22:42.760000000','RR/MM/DD HH24:MI:SSXFF'));
Insert into SEMISDG.SPC_DTL (SPC_DETAIL_NO,SPC_NO,SPC_TYPE_NO,SPC_LOCATION_NO,SPC_DETAIL_AVAIL,SPC_DETAIL_CONTENT,SPC_DETAIL_SHARING,SPC_DETAIL_HOLIDAY,SPC_DETAIL_SIZE,SPC_DETAIL_STORABLE,SPC_MAN_MIN,SPC_MAN_MAX,SPC_TIME_MIN,SPC_TIME_MAX,SPC_DATE_START,SPC_DATE_END,SPC_DETAIL_DATE) values (61,61,6,7,'0','핸드메이드 전문 브런치맛집 정카페입니다^^','0','0',2,10,1,10,1,48,to_date('20/02/14','RR/MM/DD'),to_date('21/02/15','RR/MM/DD'),to_timestamp('20/02/19 08:25:42.770000000','RR/MM/DD HH24:MI:SSXFF'));
Insert into SEMISDG.SPC_DTL (SPC_DETAIL_NO,SPC_NO,SPC_TYPE_NO,SPC_LOCATION_NO,SPC_DETAIL_AVAIL,SPC_DETAIL_CONTENT,SPC_DETAIL_SHARING,SPC_DETAIL_HOLIDAY,SPC_DETAIL_SIZE,SPC_DETAIL_STORABLE,SPC_MAN_MIN,SPC_MAN_MAX,SPC_TIME_MIN,SPC_TIME_MAX,SPC_DATE_START,SPC_DATE_END,SPC_DETAIL_DATE) values (62,62,7,1,'0','우리만의 공간에서 독서를 즐기는 공유서재입니다.','0','0',3,10,1,10,1,48,to_date('20/02/14','RR/MM/DD'),to_date('21/02/15','RR/MM/DD'),to_timestamp('20/02/19 08:28:05.728000000','RR/MM/DD HH24:MI:SSXFF'));
Insert into SEMISDG.SPC_DTL (SPC_DETAIL_NO,SPC_NO,SPC_TYPE_NO,SPC_LOCATION_NO,SPC_DETAIL_AVAIL,SPC_DETAIL_CONTENT,SPC_DETAIL_SHARING,SPC_DETAIL_HOLIDAY,SPC_DETAIL_SIZE,SPC_DETAIL_STORABLE,SPC_MAN_MIN,SPC_MAN_MAX,SPC_TIME_MIN,SPC_TIME_MAX,SPC_DATE_START,SPC_DATE_END,SPC_DETAIL_DATE) values (63,63,7,1,'0','홍대에서 스터디·세미나·원데이클래스·회의·플리마켓','0','0',3,10,1,10,1,48,to_date('20/02/14','RR/MM/DD'),to_date('21/02/15','RR/MM/DD'),to_timestamp('20/02/19 08:29:52.173000000','RR/MM/DD HH24:MI:SSXFF'));
Insert into SEMISDG.SPC_DTL (SPC_DETAIL_NO,SPC_NO,SPC_TYPE_NO,SPC_LOCATION_NO,SPC_DETAIL_AVAIL,SPC_DETAIL_CONTENT,SPC_DETAIL_SHARING,SPC_DETAIL_HOLIDAY,SPC_DETAIL_SIZE,SPC_DETAIL_STORABLE,SPC_MAN_MIN,SPC_MAN_MAX,SPC_TIME_MIN,SPC_TIME_MAX,SPC_DATE_START,SPC_DATE_END,SPC_DETAIL_DATE) values (64,64,8,2,'0','위스토어일산점 공동사무실 1인실','0','0',3,100,1,1,24,744,to_date('20/02/14','RR/MM/DD'),to_date('21/02/15','RR/MM/DD'),to_timestamp('20/02/19 08:33:15.057000000','RR/MM/DD HH24:MI:SSXFF'));
Insert into SEMISDG.SPC_DTL (SPC_DETAIL_NO,SPC_NO,SPC_TYPE_NO,SPC_LOCATION_NO,SPC_DETAIL_AVAIL,SPC_DETAIL_CONTENT,SPC_DETAIL_SHARING,SPC_DETAIL_HOLIDAY,SPC_DETAIL_SIZE,SPC_DETAIL_STORABLE,SPC_MAN_MIN,SPC_MAN_MAX,SPC_TIME_MIN,SPC_TIME_MAX,SPC_DATE_START,SPC_DATE_END,SPC_DETAIL_DATE) values (66,66,9,2,'0','온라인 기반으로 사업을 영위하는 창업자들의 공간','0','0',3,100,1,10,1,744,to_date('20/02/14','RR/MM/DD'),to_date('21/02/15','RR/MM/DD'),to_timestamp('20/02/19 08:38:05.161000000','RR/MM/DD HH24:MI:SSXFF'));
Insert into SEMISDG.SPC_DTL (SPC_DETAIL_NO,SPC_NO,SPC_TYPE_NO,SPC_LOCATION_NO,SPC_DETAIL_AVAIL,SPC_DETAIL_CONTENT,SPC_DETAIL_SHARING,SPC_DETAIL_HOLIDAY,SPC_DETAIL_SIZE,SPC_DETAIL_STORABLE,SPC_MAN_MIN,SPC_MAN_MAX,SPC_TIME_MIN,SPC_TIME_MAX,SPC_DATE_START,SPC_DATE_END,SPC_DETAIL_DATE) values (67,67,9,1,'0','교통, 전망, 커피 맛 좋은 카페 같은 공유오피','0','0',300,100,1,10,1,744,to_date('20/02/14','RR/MM/DD'),to_date('21/02/15','RR/MM/DD'),to_timestamp('20/02/19 08:39:46.285000000','RR/MM/DD HH24:MI:SSXFF'));
Insert into SEMISDG.SPC_DTL (SPC_DETAIL_NO,SPC_NO,SPC_TYPE_NO,SPC_LOCATION_NO,SPC_DETAIL_AVAIL,SPC_DETAIL_CONTENT,SPC_DETAIL_SHARING,SPC_DETAIL_HOLIDAY,SPC_DETAIL_SIZE,SPC_DETAIL_STORABLE,SPC_MAN_MIN,SPC_MAN_MAX,SPC_TIME_MIN,SPC_TIME_MAX,SPC_DATE_START,SPC_DATE_END,SPC_DETAIL_DATE) values (68,68,10,1,'0','신촌역 디지털노마드를 위한 코워킹스페이스','0','0',3,15,1,10,1,744,to_date('20/02/14','RR/MM/DD'),to_date('21/02/15','RR/MM/DD'),to_timestamp('20/02/19 08:42:12.078000000','RR/MM/DD HH24:MI:SSXFF'));
Insert into SEMISDG.SPC_DTL (SPC_DETAIL_NO,SPC_NO,SPC_TYPE_NO,SPC_LOCATION_NO,SPC_DETAIL_AVAIL,SPC_DETAIL_CONTENT,SPC_DETAIL_SHARING,SPC_DETAIL_HOLIDAY,SPC_DETAIL_SIZE,SPC_DETAIL_STORABLE,SPC_MAN_MIN,SPC_MAN_MAX,SPC_TIME_MIN,SPC_TIME_MAX,SPC_DATE_START,SPC_DATE_END,SPC_DETAIL_DATE) values (69,69,10,9,'0','북 앤 스터디 카페로 조용하게 사무업무하기 좋아요','0','0',3,10,1,10,1,744,to_date('20/02/14','RR/MM/DD'),to_date('21/02/15','RR/MM/DD'),to_timestamp('20/02/19 08:43:57.943000000','RR/MM/DD HH24:MI:SSXFF'));
Insert into SEMISDG.SPC_DTL (SPC_DETAIL_NO,SPC_NO,SPC_TYPE_NO,SPC_LOCATION_NO,SPC_DETAIL_AVAIL,SPC_DETAIL_CONTENT,SPC_DETAIL_SHARING,SPC_DETAIL_HOLIDAY,SPC_DETAIL_SIZE,SPC_DETAIL_STORABLE,SPC_MAN_MIN,SPC_MAN_MAX,SPC_TIME_MIN,SPC_TIME_MAX,SPC_DATE_START,SPC_DATE_END,SPC_DETAIL_DATE) values (70,70,7,1,'0','신촌,이대 대표 모임공간&스터디카페','0','0',3,48,1,16,1,48,to_date('20/02/14','RR/MM/DD'),to_date('21/02/15','RR/MM/DD'),to_timestamp('20/02/19 13:00:56.253000000','RR/MM/DD HH24:MI:SSXFF'));
Insert into SEMISDG.SPC_DTL (SPC_DETAIL_NO,SPC_NO,SPC_TYPE_NO,SPC_LOCATION_NO,SPC_DETAIL_AVAIL,SPC_DETAIL_CONTENT,SPC_DETAIL_SHARING,SPC_DETAIL_HOLIDAY,SPC_DETAIL_SIZE,SPC_DETAIL_STORABLE,SPC_MAN_MIN,SPC_MAN_MAX,SPC_TIME_MIN,SPC_TIME_MAX,SPC_DATE_START,SPC_DATE_END,SPC_DETAIL_DATE) values (48,48,5,10,'0','소개글 없음','0','0',100,100,100,100,100,100,to_date('20/02/14','RR/MM/DD'),to_date('20/02/15','RR/MM/DD'),to_timestamp('20/02/17 20:11:53.138000000','RR/MM/DD HH24:MI:SSXFF'));
Insert into SEMISDG.SPC_DTL (SPC_DETAIL_NO,SPC_NO,SPC_TYPE_NO,SPC_LOCATION_NO,SPC_DETAIL_AVAIL,SPC_DETAIL_CONTENT,SPC_DETAIL_SHARING,SPC_DETAIL_HOLIDAY,SPC_DETAIL_SIZE,SPC_DETAIL_STORABLE,SPC_MAN_MIN,SPC_MAN_MAX,SPC_TIME_MIN,SPC_TIME_MAX,SPC_DATE_START,SPC_DATE_END,SPC_DETAIL_DATE) values (50,50,1,1,'0','서울역, 느낌있는 모임공간 서울각입니다:)','0','0',3,100,1,10,1,48,to_date('20/02/14','RR/MM/DD'),to_date('21/02/15','RR/MM/DD'),to_timestamp('20/02/19 07:55:30.080000000','RR/MM/DD HH24:MI:SSXFF'));
Insert into SEMISDG.SPC_DTL (SPC_DETAIL_NO,SPC_NO,SPC_TYPE_NO,SPC_LOCATION_NO,SPC_DETAIL_AVAIL,SPC_DETAIL_CONTENT,SPC_DETAIL_SHARING,SPC_DETAIL_HOLIDAY,SPC_DETAIL_SIZE,SPC_DETAIL_STORABLE,SPC_MAN_MIN,SPC_MAN_MAX,SPC_TIME_MIN,SPC_TIME_MAX,SPC_DATE_START,SPC_DATE_END,SPC_DETAIL_DATE) values (65,65,8,2,'0','택배비 1,600원, 스튜디오 완비,창가 1인실','0','0',3,100,1,1,1,744,to_date('20/02/14','RR/MM/DD'),to_date('21/02/15','RR/MM/DD'),to_timestamp('20/02/19 08:35:22.510000000','RR/MM/DD HH24:MI:SSXFF'));
REM INSERTING into SEMISDG.SPC_IMG
SET DEFINE OFF;
Insert into SEMISDG.SPC_IMG (SPC_DETAIL_NO,SPC_IMG_TITLE,SPC_IMG_TEXT,SPC_IMG_ROUTE,SPC_NO) values (49,'20200219_075057261_343.jpg,20200219_075057304_403.jpg,20200219_075057322_28.jpg','설명','''C:\Workspaces\semi_workspace\SDG\WebContent\upload',49);
Insert into SEMISDG.SPC_IMG (SPC_DETAIL_NO,SPC_IMG_TITLE,SPC_IMG_TEXT,SPC_IMG_ROUTE,SPC_NO) values (51,'20200219_075723526_405.jpg,20200219_075723557_300.jpg,20200219_075723573_624.jpg','설명','''C:\Workspaces\semi_workspace\SDG\WebContent\upload',51);
Insert into SEMISDG.SPC_IMG (SPC_DETAIL_NO,SPC_IMG_TITLE,SPC_IMG_TEXT,SPC_IMG_ROUTE,SPC_NO) values (52,'20200219_075945656_516.jpg,20200219_075945700_786.jpg,20200219_075945720_787.jpg','설명','''C:\Workspaces\semi_workspace\SDG\WebContent\upload',52);
Insert into SEMISDG.SPC_IMG (SPC_DETAIL_NO,SPC_IMG_TITLE,SPC_IMG_TEXT,SPC_IMG_ROUTE,SPC_NO) values (53,'20200219_080258587_5.jpg,20200219_080258621_407.jpg,20200219_080258640_720.jpg','설명','''C:\Workspaces\semi_workspace\SDG\WebContent\upload',53);
Insert into SEMISDG.SPC_IMG (SPC_DETAIL_NO,SPC_IMG_TITLE,SPC_IMG_TEXT,SPC_IMG_ROUTE,SPC_NO) values (54,'20200219_080651012_619.jpg,20200219_080651037_225.jpg,20200219_080651063_852.jpg,20200219_080651083_899.jpg,20200219_080651100_496.jpg','설명','''C:\Workspaces\semi_workspace\SDG\WebContent\upload',54);
Insert into SEMISDG.SPC_IMG (SPC_DETAIL_NO,SPC_IMG_TITLE,SPC_IMG_TEXT,SPC_IMG_ROUTE,SPC_NO) values (55,'20200219_080906591_724.jpg,20200219_080906633_589.jpg,20200219_080906652_920.jpg','설명','''C:\Workspaces\semi_workspace\SDG\WebContent\upload',55);
Insert into SEMISDG.SPC_IMG (SPC_DETAIL_NO,SPC_IMG_TITLE,SPC_IMG_TEXT,SPC_IMG_ROUTE,SPC_NO) values (56,'20200219_081103676_150.png,20200219_081103720_651.png,20200219_081103739_820.png,20200219_081103758_945.png','설명','''C:\Workspaces\semi_workspace\SDG\WebContent\upload',56);
Insert into SEMISDG.SPC_IMG (SPC_DETAIL_NO,SPC_IMG_TITLE,SPC_IMG_TEXT,SPC_IMG_ROUTE,SPC_NO) values (57,'20200219_081314469_163.jpg,20200219_081314505_405.jpg,20200219_081314524_416.jpg','설명','''C:\Workspaces\semi_workspace\SDG\WebContent\upload',57);
Insert into SEMISDG.SPC_IMG (SPC_DETAIL_NO,SPC_IMG_TITLE,SPC_IMG_TEXT,SPC_IMG_ROUTE,SPC_NO) values (58,'20200219_081808028_968.jpg,20200219_081808066_827.jpg,20200219_081808085_217.jpg,20200219_081808102_523.jpg,20200219_081808119_21.jpg','설명','''C:\Workspaces\semi_workspace\SDG\WebContent\upload',58);
Insert into SEMISDG.SPC_IMG (SPC_DETAIL_NO,SPC_IMG_TITLE,SPC_IMG_TEXT,SPC_IMG_ROUTE,SPC_NO) values (59,'20200219_082049580_796.jpg,20200219_082049614_0.jpg,20200219_082049633_486.jpg','설명','''C:\Workspaces\semi_workspace\SDG\WebContent\upload',59);
Insert into SEMISDG.SPC_IMG (SPC_DETAIL_NO,SPC_IMG_TITLE,SPC_IMG_TEXT,SPC_IMG_ROUTE,SPC_NO) values (60,'20200219_082242634_392.jpg,20200219_082242665_486.jpg,20200219_082242683_485.jpg','설명','''C:\Workspaces\semi_workspace\SDG\WebContent\upload',60);
Insert into SEMISDG.SPC_IMG (SPC_DETAIL_NO,SPC_IMG_TITLE,SPC_IMG_TEXT,SPC_IMG_ROUTE,SPC_NO) values (61,'20200219_082542628_993.jpg,20200219_082542669_276.jpg,20200219_082542688_171.jpg','설명','''C:\Workspaces\semi_workspace\SDG\WebContent\upload',61);
Insert into SEMISDG.SPC_IMG (SPC_DETAIL_NO,SPC_IMG_TITLE,SPC_IMG_TEXT,SPC_IMG_ROUTE,SPC_NO) values (62,'20200219_082805598_587.jpg,20200219_082805635_14.jpg,20200219_082805653_466.jpg','설명','''C:\Workspaces\semi_workspace\SDG\WebContent\upload',62);
Insert into SEMISDG.SPC_IMG (SPC_DETAIL_NO,SPC_IMG_TITLE,SPC_IMG_TEXT,SPC_IMG_ROUTE,SPC_NO) values (63,'20200219_082952014_508.jpg,20200219_082952043_124.jpg,20200219_082952062_587.jpg,20200219_082952084_342.jpg','설명','''C:\Workspaces\semi_workspace\SDG\WebContent\upload',63);
Insert into SEMISDG.SPC_IMG (SPC_DETAIL_NO,SPC_IMG_TITLE,SPC_IMG_TEXT,SPC_IMG_ROUTE,SPC_NO) values (64,'20200219_083314915_24.jpg,20200219_083314946_292.jpg,20200219_083314963_827.jpg,20200219_083314981_971.jpg','설명','''C:\Workspaces\semi_workspace\SDG\WebContent\upload',64);
Insert into SEMISDG.SPC_IMG (SPC_DETAIL_NO,SPC_IMG_TITLE,SPC_IMG_TEXT,SPC_IMG_ROUTE,SPC_NO) values (66,'20200219_083805017_573.jpg,20200219_083805050_138.jpg,20200219_083805069_466.jpg,20200219_083805086_449.jpg','설명','''C:\Workspaces\semi_workspace\SDG\WebContent\upload',66);
Insert into SEMISDG.SPC_IMG (SPC_DETAIL_NO,SPC_IMG_TITLE,SPC_IMG_TEXT,SPC_IMG_ROUTE,SPC_NO) values (67,'20200219_083946134_25.png,20200219_083946168_377.png,20200219_083946192_40.png,20200219_083946212_696.jpg','설명','''C:\Workspaces\semi_workspace\SDG\WebContent\upload',67);
Insert into SEMISDG.SPC_IMG (SPC_DETAIL_NO,SPC_IMG_TITLE,SPC_IMG_TEXT,SPC_IMG_ROUTE,SPC_NO) values (68,'20200219_084211892_757.png,20200219_084211930_51.jpg,20200219_084211951_388.jpg,20200219_084211978_254.jpg','설명','''C:\Workspaces\semi_workspace\SDG\WebContent\upload',68);
Insert into SEMISDG.SPC_IMG (SPC_DETAIL_NO,SPC_IMG_TITLE,SPC_IMG_TEXT,SPC_IMG_ROUTE,SPC_NO) values (69,'20200219_084357799_357.jpg,20200219_084357832_426.jpg,20200219_084357850_933.jpg,20200219_084357868_283.jpg','설명','''C:\Workspaces\semi_workspace\SDG\WebContent\upload',69);
Insert into SEMISDG.SPC_IMG (SPC_DETAIL_NO,SPC_IMG_TITLE,SPC_IMG_TEXT,SPC_IMG_ROUTE,SPC_NO) values (70,'20200219_130056071_537.jpg,20200219_130056115_33.jpg,20200219_130056138_231.jpg','설명','''C:\Workspaces\semi_workspace\SDG\WebContent\upload',70);
Insert into SEMISDG.SPC_IMG (SPC_DETAIL_NO,SPC_IMG_TITLE,SPC_IMG_TEXT,SPC_IMG_ROUTE,SPC_NO) values (48,'20200217_201152288_698.jpg,20200217_201152994_537.jpg,20200217_201153013_98.jpg','설명','''C:\Workspaces\semi_workspace\SDG\WebContent\upload',48);
Insert into SEMISDG.SPC_IMG (SPC_DETAIL_NO,SPC_IMG_TITLE,SPC_IMG_TEXT,SPC_IMG_ROUTE,SPC_NO) values (50,'20200219_075529949_112.jpg,20200219_075529984_839.jpg,20200219_075530003_598.jpg','설명','''C:\Workspaces\semi_workspace\SDG\WebContent\upload',50);
Insert into SEMISDG.SPC_IMG (SPC_DETAIL_NO,SPC_IMG_TITLE,SPC_IMG_TEXT,SPC_IMG_ROUTE,SPC_NO) values (65,'20200219_083522352_554.jpg,20200219_083522390_487.jpg,20200219_083522408_232.jpg,20200219_083522423_206.jpg,20200219_083522439_271.jpg','설명','''C:\Workspaces\semi_workspace\SDG\WebContent\upload',65);
REM INSERTING into SEMISDG.SPC_IMG_DUAL
SET DEFINE OFF;
Insert into SEMISDG.SPC_IMG_DUAL (SPC_NO,SPC_IMG_TITLE) values (53,'20200219_075057261_343.jpg');
Insert into SEMISDG.SPC_IMG_DUAL (SPC_NO,SPC_IMG_TITLE) values (54,'20200219_075057304_403.jpg');
Insert into SEMISDG.SPC_IMG_DUAL (SPC_NO,SPC_IMG_TITLE) values (55,'20200219_075057322_28.jpg');
Insert into SEMISDG.SPC_IMG_DUAL (SPC_NO,SPC_IMG_TITLE) values (56,'20200219_075057345_414.png');
Insert into SEMISDG.SPC_IMG_DUAL (SPC_NO,SPC_IMG_TITLE) values (61,'20200219_075723526_405.jpg');
Insert into SEMISDG.SPC_IMG_DUAL (SPC_NO,SPC_IMG_TITLE) values (62,'20200219_075723557_300.jpg');
Insert into SEMISDG.SPC_IMG_DUAL (SPC_NO,SPC_IMG_TITLE) values (63,'20200219_075723573_624.jpg');
Insert into SEMISDG.SPC_IMG_DUAL (SPC_NO,SPC_IMG_TITLE) values (64,'20200219_075723591_463.png');
Insert into SEMISDG.SPC_IMG_DUAL (SPC_NO,SPC_IMG_TITLE) values (65,'20200219_075945656_516.jpg');
Insert into SEMISDG.SPC_IMG_DUAL (SPC_NO,SPC_IMG_TITLE) values (66,'20200219_075945700_786.jpg');
Insert into SEMISDG.SPC_IMG_DUAL (SPC_NO,SPC_IMG_TITLE) values (67,'20200219_075945720_787.jpg');
Insert into SEMISDG.SPC_IMG_DUAL (SPC_NO,SPC_IMG_TITLE) values (68,'20200219_075945736_541.png');
Insert into SEMISDG.SPC_IMG_DUAL (SPC_NO,SPC_IMG_TITLE) values (69,'20200219_080258587_5.jpg');
Insert into SEMISDG.SPC_IMG_DUAL (SPC_NO,SPC_IMG_TITLE) values (70,'20200219_080258621_407.jpg');
Insert into SEMISDG.SPC_IMG_DUAL (SPC_NO,SPC_IMG_TITLE) values (71,'20200219_080258640_720.jpg');
Insert into SEMISDG.SPC_IMG_DUAL (SPC_NO,SPC_IMG_TITLE) values (72,'20200219_080258657_363.png');
Insert into SEMISDG.SPC_IMG_DUAL (SPC_NO,SPC_IMG_TITLE) values (73,'20200219_080651012_619.jpg');
Insert into SEMISDG.SPC_IMG_DUAL (SPC_NO,SPC_IMG_TITLE) values (74,'20200219_080651037_225.jpg');
Insert into SEMISDG.SPC_IMG_DUAL (SPC_NO,SPC_IMG_TITLE) values (75,'20200219_080651063_852.jpg');
Insert into SEMISDG.SPC_IMG_DUAL (SPC_NO,SPC_IMG_TITLE) values (76,'20200219_080651083_899.jpg');
Insert into SEMISDG.SPC_IMG_DUAL (SPC_NO,SPC_IMG_TITLE) values (77,'20200219_080651100_496.jpg');
Insert into SEMISDG.SPC_IMG_DUAL (SPC_NO,SPC_IMG_TITLE) values (78,'20200219_080651117_603.png');
Insert into SEMISDG.SPC_IMG_DUAL (SPC_NO,SPC_IMG_TITLE) values (79,'20200219_080906591_724.jpg');
Insert into SEMISDG.SPC_IMG_DUAL (SPC_NO,SPC_IMG_TITLE) values (80,'20200219_080906633_589.jpg');
Insert into SEMISDG.SPC_IMG_DUAL (SPC_NO,SPC_IMG_TITLE) values (81,'20200219_080906652_920.jpg');
Insert into SEMISDG.SPC_IMG_DUAL (SPC_NO,SPC_IMG_TITLE) values (82,'20200219_080906668_802.png');
Insert into SEMISDG.SPC_IMG_DUAL (SPC_NO,SPC_IMG_TITLE) values (83,'20200219_081103676_150.png');
Insert into SEMISDG.SPC_IMG_DUAL (SPC_NO,SPC_IMG_TITLE) values (84,'20200219_081103720_651.png');
Insert into SEMISDG.SPC_IMG_DUAL (SPC_NO,SPC_IMG_TITLE) values (85,'20200219_081103739_820.png');
Insert into SEMISDG.SPC_IMG_DUAL (SPC_NO,SPC_IMG_TITLE) values (86,'20200219_081103758_945.png');
Insert into SEMISDG.SPC_IMG_DUAL (SPC_NO,SPC_IMG_TITLE) values (87,'20200219_081103774_49.png');
Insert into SEMISDG.SPC_IMG_DUAL (SPC_NO,SPC_IMG_TITLE) values (88,'20200219_081314469_163.jpg');
Insert into SEMISDG.SPC_IMG_DUAL (SPC_NO,SPC_IMG_TITLE) values (89,'20200219_081314505_405.jpg');
Insert into SEMISDG.SPC_IMG_DUAL (SPC_NO,SPC_IMG_TITLE) values (90,'20200219_081314524_416.jpg');
Insert into SEMISDG.SPC_IMG_DUAL (SPC_NO,SPC_IMG_TITLE) values (91,'20200219_081314548_996.png');
Insert into SEMISDG.SPC_IMG_DUAL (SPC_NO,SPC_IMG_TITLE) values (92,'20200219_081808028_968.jpg');
Insert into SEMISDG.SPC_IMG_DUAL (SPC_NO,SPC_IMG_TITLE) values (93,'20200219_081808066_827.jpg');
Insert into SEMISDG.SPC_IMG_DUAL (SPC_NO,SPC_IMG_TITLE) values (94,'20200219_081808085_217.jpg');
Insert into SEMISDG.SPC_IMG_DUAL (SPC_NO,SPC_IMG_TITLE) values (95,'20200219_081808102_523.jpg');
Insert into SEMISDG.SPC_IMG_DUAL (SPC_NO,SPC_IMG_TITLE) values (96,'20200219_081808119_21.jpg');
Insert into SEMISDG.SPC_IMG_DUAL (SPC_NO,SPC_IMG_TITLE) values (97,'20200219_081808135_503.png');
Insert into SEMISDG.SPC_IMG_DUAL (SPC_NO,SPC_IMG_TITLE) values (98,'20200219_082049580_796.jpg');
Insert into SEMISDG.SPC_IMG_DUAL (SPC_NO,SPC_IMG_TITLE) values (99,'20200219_082049614_0.jpg');
Insert into SEMISDG.SPC_IMG_DUAL (SPC_NO,SPC_IMG_TITLE) values (100,'20200219_082049633_486.jpg');
Insert into SEMISDG.SPC_IMG_DUAL (SPC_NO,SPC_IMG_TITLE) values (101,'20200219_082049654_810.png');
Insert into SEMISDG.SPC_IMG_DUAL (SPC_NO,SPC_IMG_TITLE) values (102,'20200219_082242634_392.jpg');
Insert into SEMISDG.SPC_IMG_DUAL (SPC_NO,SPC_IMG_TITLE) values (103,'20200219_082242665_486.jpg');
Insert into SEMISDG.SPC_IMG_DUAL (SPC_NO,SPC_IMG_TITLE) values (104,'20200219_082242683_485.jpg');
Insert into SEMISDG.SPC_IMG_DUAL (SPC_NO,SPC_IMG_TITLE) values (105,'20200219_082242701_173.png');
Insert into SEMISDG.SPC_IMG_DUAL (SPC_NO,SPC_IMG_TITLE) values (106,'20200219_082542628_993.jpg');
Insert into SEMISDG.SPC_IMG_DUAL (SPC_NO,SPC_IMG_TITLE) values (107,'20200219_082542669_276.jpg');
Insert into SEMISDG.SPC_IMG_DUAL (SPC_NO,SPC_IMG_TITLE) values (108,'20200219_082542688_171.jpg');
Insert into SEMISDG.SPC_IMG_DUAL (SPC_NO,SPC_IMG_TITLE) values (109,'20200219_082542706_166.png');
Insert into SEMISDG.SPC_IMG_DUAL (SPC_NO,SPC_IMG_TITLE) values (110,'20200219_082805598_587.jpg');
Insert into SEMISDG.SPC_IMG_DUAL (SPC_NO,SPC_IMG_TITLE) values (111,'20200219_082805635_14.jpg');
Insert into SEMISDG.SPC_IMG_DUAL (SPC_NO,SPC_IMG_TITLE) values (112,'20200219_082805653_466.jpg');
Insert into SEMISDG.SPC_IMG_DUAL (SPC_NO,SPC_IMG_TITLE) values (113,'20200219_082805671_181.png');
Insert into SEMISDG.SPC_IMG_DUAL (SPC_NO,SPC_IMG_TITLE) values (114,'20200219_082952014_508.jpg');
Insert into SEMISDG.SPC_IMG_DUAL (SPC_NO,SPC_IMG_TITLE) values (115,'20200219_082952043_124.jpg');
Insert into SEMISDG.SPC_IMG_DUAL (SPC_NO,SPC_IMG_TITLE) values (116,'20200219_082952062_587.jpg');
Insert into SEMISDG.SPC_IMG_DUAL (SPC_NO,SPC_IMG_TITLE) values (117,'20200219_082952084_342.jpg');
Insert into SEMISDG.SPC_IMG_DUAL (SPC_NO,SPC_IMG_TITLE) values (118,'20200219_082952105_336.png');
Insert into SEMISDG.SPC_IMG_DUAL (SPC_NO,SPC_IMG_TITLE) values (119,'20200219_083314915_24.jpg');
Insert into SEMISDG.SPC_IMG_DUAL (SPC_NO,SPC_IMG_TITLE) values (120,'20200219_083314946_292.jpg');
Insert into SEMISDG.SPC_IMG_DUAL (SPC_NO,SPC_IMG_TITLE) values (121,'20200219_083314963_827.jpg');
Insert into SEMISDG.SPC_IMG_DUAL (SPC_NO,SPC_IMG_TITLE) values (122,'20200219_083314981_971.jpg');
Insert into SEMISDG.SPC_IMG_DUAL (SPC_NO,SPC_IMG_TITLE) values (123,'20200219_083314999_40.png');
Insert into SEMISDG.SPC_IMG_DUAL (SPC_NO,SPC_IMG_TITLE) values (130,'20200219_083805017_573.jpg');
Insert into SEMISDG.SPC_IMG_DUAL (SPC_NO,SPC_IMG_TITLE) values (131,'20200219_083805050_138.jpg');
Insert into SEMISDG.SPC_IMG_DUAL (SPC_NO,SPC_IMG_TITLE) values (132,'20200219_083805069_466.jpg');
Insert into SEMISDG.SPC_IMG_DUAL (SPC_NO,SPC_IMG_TITLE) values (133,'20200219_083805086_449.jpg');
Insert into SEMISDG.SPC_IMG_DUAL (SPC_NO,SPC_IMG_TITLE) values (134,'20200219_083805104_259.png');
Insert into SEMISDG.SPC_IMG_DUAL (SPC_NO,SPC_IMG_TITLE) values (135,'20200219_083946134_25.png');
Insert into SEMISDG.SPC_IMG_DUAL (SPC_NO,SPC_IMG_TITLE) values (136,'20200219_083946168_377.png');
Insert into SEMISDG.SPC_IMG_DUAL (SPC_NO,SPC_IMG_TITLE) values (137,'20200219_083946192_40.png');
Insert into SEMISDG.SPC_IMG_DUAL (SPC_NO,SPC_IMG_TITLE) values (138,'20200219_083946212_696.jpg');
Insert into SEMISDG.SPC_IMG_DUAL (SPC_NO,SPC_IMG_TITLE) values (139,'20200219_083946229_339.png');
Insert into SEMISDG.SPC_IMG_DUAL (SPC_NO,SPC_IMG_TITLE) values (140,'20200219_084211892_757.png');
Insert into SEMISDG.SPC_IMG_DUAL (SPC_NO,SPC_IMG_TITLE) values (141,'20200219_084211930_51.jpg');
Insert into SEMISDG.SPC_IMG_DUAL (SPC_NO,SPC_IMG_TITLE) values (142,'20200219_084211951_388.jpg');
Insert into SEMISDG.SPC_IMG_DUAL (SPC_NO,SPC_IMG_TITLE) values (143,'20200219_084211978_254.jpg');
Insert into SEMISDG.SPC_IMG_DUAL (SPC_NO,SPC_IMG_TITLE) values (144,'20200219_084211997_694.png');
Insert into SEMISDG.SPC_IMG_DUAL (SPC_NO,SPC_IMG_TITLE) values (145,'20200219_084357799_357.jpg');
Insert into SEMISDG.SPC_IMG_DUAL (SPC_NO,SPC_IMG_TITLE) values (146,'20200219_084357832_426.jpg');
Insert into SEMISDG.SPC_IMG_DUAL (SPC_NO,SPC_IMG_TITLE) values (147,'20200219_084357850_933.jpg');
Insert into SEMISDG.SPC_IMG_DUAL (SPC_NO,SPC_IMG_TITLE) values (148,'20200219_084357868_283.jpg');
Insert into SEMISDG.SPC_IMG_DUAL (SPC_NO,SPC_IMG_TITLE) values (149,'20200219_084357885_787.png');
Insert into SEMISDG.SPC_IMG_DUAL (SPC_NO,SPC_IMG_TITLE) values (150,'20200219_125911463_908.jpg');
Insert into SEMISDG.SPC_IMG_DUAL (SPC_NO,SPC_IMG_TITLE) values (151,'20200219_125912180_50.jpg');
Insert into SEMISDG.SPC_IMG_DUAL (SPC_NO,SPC_IMG_TITLE) values (152,'20200219_125912200_240.jpg');
Insert into SEMISDG.SPC_IMG_DUAL (SPC_NO,SPC_IMG_TITLE) values (153,'20200219_125912221_477.png');
Insert into SEMISDG.SPC_IMG_DUAL (SPC_NO,SPC_IMG_TITLE) values (154,'20200219_130056071_537.jpg');
Insert into SEMISDG.SPC_IMG_DUAL (SPC_NO,SPC_IMG_TITLE) values (155,'20200219_130056115_33.jpg');
Insert into SEMISDG.SPC_IMG_DUAL (SPC_NO,SPC_IMG_TITLE) values (156,'20200219_130056138_231.jpg');
Insert into SEMISDG.SPC_IMG_DUAL (SPC_NO,SPC_IMG_TITLE) values (157,'20200219_130056155_614.png');
Insert into SEMISDG.SPC_IMG_DUAL (SPC_NO,SPC_IMG_TITLE) values (49,'20200217_201152288_698.jpg');
Insert into SEMISDG.SPC_IMG_DUAL (SPC_NO,SPC_IMG_TITLE) values (50,'20200217_201152994_537.jpg');
Insert into SEMISDG.SPC_IMG_DUAL (SPC_NO,SPC_IMG_TITLE) values (51,'20200217_201153013_98.jpg');
Insert into SEMISDG.SPC_IMG_DUAL (SPC_NO,SPC_IMG_TITLE) values (52,'20200217_201153035_675.png');
Insert into SEMISDG.SPC_IMG_DUAL (SPC_NO,SPC_IMG_TITLE) values (57,'20200219_075529949_112.jpg');
Insert into SEMISDG.SPC_IMG_DUAL (SPC_NO,SPC_IMG_TITLE) values (58,'20200219_075529984_839.jpg');
Insert into SEMISDG.SPC_IMG_DUAL (SPC_NO,SPC_IMG_TITLE) values (59,'20200219_075530003_598.jpg');
Insert into SEMISDG.SPC_IMG_DUAL (SPC_NO,SPC_IMG_TITLE) values (60,'20200219_075530021_633.png');
Insert into SEMISDG.SPC_IMG_DUAL (SPC_NO,SPC_IMG_TITLE) values (124,'20200219_083522352_554.jpg');
Insert into SEMISDG.SPC_IMG_DUAL (SPC_NO,SPC_IMG_TITLE) values (125,'20200219_083522390_487.jpg');
Insert into SEMISDG.SPC_IMG_DUAL (SPC_NO,SPC_IMG_TITLE) values (126,'20200219_083522408_232.jpg');
Insert into SEMISDG.SPC_IMG_DUAL (SPC_NO,SPC_IMG_TITLE) values (127,'20200219_083522423_206.jpg');
Insert into SEMISDG.SPC_IMG_DUAL (SPC_NO,SPC_IMG_TITLE) values (128,'20200219_083522439_271.jpg');
Insert into SEMISDG.SPC_IMG_DUAL (SPC_NO,SPC_IMG_TITLE) values (129,'20200219_083522455_670.png');
REM INSERTING into SEMISDG.SPC_LOC
SET DEFINE OFF;
Insert into SEMISDG.SPC_LOC (SPC_LOCATION_NO,SPC_LOCATION_NAME) values (1,'서울');
Insert into SEMISDG.SPC_LOC (SPC_LOCATION_NO,SPC_LOCATION_NAME) values (2,'경기도');
Insert into SEMISDG.SPC_LOC (SPC_LOCATION_NO,SPC_LOCATION_NAME) values (3,'인천광역시');
Insert into SEMISDG.SPC_LOC (SPC_LOCATION_NO,SPC_LOCATION_NAME) values (4,'세종특별시');
Insert into SEMISDG.SPC_LOC (SPC_LOCATION_NO,SPC_LOCATION_NAME) values (5,'충청북도');
Insert into SEMISDG.SPC_LOC (SPC_LOCATION_NO,SPC_LOCATION_NAME) values (6,'충청남도');
Insert into SEMISDG.SPC_LOC (SPC_LOCATION_NO,SPC_LOCATION_NAME) values (7,'강원도');
Insert into SEMISDG.SPC_LOC (SPC_LOCATION_NO,SPC_LOCATION_NAME) values (8,'대전광역시');
Insert into SEMISDG.SPC_LOC (SPC_LOCATION_NO,SPC_LOCATION_NAME) values (9,'대구광역시');
Insert into SEMISDG.SPC_LOC (SPC_LOCATION_NO,SPC_LOCATION_NAME) values (10,'경상북도');
Insert into SEMISDG.SPC_LOC (SPC_LOCATION_NO,SPC_LOCATION_NAME) values (11,'경상남도');
Insert into SEMISDG.SPC_LOC (SPC_LOCATION_NO,SPC_LOCATION_NAME) values (12,'부산광역시');
Insert into SEMISDG.SPC_LOC (SPC_LOCATION_NO,SPC_LOCATION_NAME) values (13,'울산광역시');
Insert into SEMISDG.SPC_LOC (SPC_LOCATION_NO,SPC_LOCATION_NAME) values (14,'전라북도');
Insert into SEMISDG.SPC_LOC (SPC_LOCATION_NO,SPC_LOCATION_NAME) values (15,'전라남도');
Insert into SEMISDG.SPC_LOC (SPC_LOCATION_NO,SPC_LOCATION_NAME) values (16,'광주광역시');
Insert into SEMISDG.SPC_LOC (SPC_LOCATION_NO,SPC_LOCATION_NAME) values (17,'제주도');
REM INSERTING into SEMISDG.SPC_OPT
SET DEFINE OFF;
REM INSERTING into SEMISDG.SPC_OPT_LST
SET DEFINE OFF;
REM INSERTING into SEMISDG.SPC_PRICE
SET DEFINE OFF;
Insert into SEMISDG.SPC_PRICE (SPC_PRICE_NO,SPC_DETAIL_NO,SPC_DETAIL_NAME,SPC_PRICE_DAY,SPC_PRICE_START,SPC_PRICE_END,SPC_PRICE_PEAK,SPC_PRICE_PERMAN,SPC_PRICE_DAY_BOOL,SPC_PRICE_PRICE) values (61,49,'기본요금','mon,tue,wed,thu,fri,sat,sun,mon,tue,wed,thu,fri,sat,sun',0,0,'0','1','0',10000);
Insert into SEMISDG.SPC_PRICE (SPC_PRICE_NO,SPC_DETAIL_NO,SPC_DETAIL_NAME,SPC_PRICE_DAY,SPC_PRICE_START,SPC_PRICE_END,SPC_PRICE_PEAK,SPC_PRICE_PERMAN,SPC_PRICE_DAY_BOOL,SPC_PRICE_PRICE) values (63,51,'기본요금','mon,tue,wed,thu,fri,sat,sun,mon,tue,wed,thu,fri,sat,sun',0,0,'0','1','0',50000);
Insert into SEMISDG.SPC_PRICE (SPC_PRICE_NO,SPC_DETAIL_NO,SPC_DETAIL_NAME,SPC_PRICE_DAY,SPC_PRICE_START,SPC_PRICE_END,SPC_PRICE_PEAK,SPC_PRICE_PERMAN,SPC_PRICE_DAY_BOOL,SPC_PRICE_PRICE) values (64,52,'기본요금','mon,tue,wed,thu,fri,sat,sun,mon,tue,wed,thu,fri,sat,sun',0,0,'0','1','0',3000);
Insert into SEMISDG.SPC_PRICE (SPC_PRICE_NO,SPC_DETAIL_NO,SPC_DETAIL_NAME,SPC_PRICE_DAY,SPC_PRICE_START,SPC_PRICE_END,SPC_PRICE_PEAK,SPC_PRICE_PERMAN,SPC_PRICE_DAY_BOOL,SPC_PRICE_PRICE) values (65,53,'기본요금','mon,tue,wed,thu,fri,sat,sun,mon,tue,wed,thu,fri,sat,sun',0,0,'0','1','0',2000);
Insert into SEMISDG.SPC_PRICE (SPC_PRICE_NO,SPC_DETAIL_NO,SPC_DETAIL_NAME,SPC_PRICE_DAY,SPC_PRICE_START,SPC_PRICE_END,SPC_PRICE_PEAK,SPC_PRICE_PERMAN,SPC_PRICE_DAY_BOOL,SPC_PRICE_PRICE) values (66,54,'기본요금','mon,tue,wed,thu,fri,sat,sun,mon,tue,wed,thu,fri,sat,sun',0,0,'0','1','0',30000);
Insert into SEMISDG.SPC_PRICE (SPC_PRICE_NO,SPC_DETAIL_NO,SPC_DETAIL_NAME,SPC_PRICE_DAY,SPC_PRICE_START,SPC_PRICE_END,SPC_PRICE_PEAK,SPC_PRICE_PERMAN,SPC_PRICE_DAY_BOOL,SPC_PRICE_PRICE) values (67,55,'기본요금','mon,tue,wed,thu,fri,sat,sun,mon,tue,wed,thu,fri,sat,sun',0,0,'0','1','0',20000);
Insert into SEMISDG.SPC_PRICE (SPC_PRICE_NO,SPC_DETAIL_NO,SPC_DETAIL_NAME,SPC_PRICE_DAY,SPC_PRICE_START,SPC_PRICE_END,SPC_PRICE_PEAK,SPC_PRICE_PERMAN,SPC_PRICE_DAY_BOOL,SPC_PRICE_PRICE) values (68,56,'기본요금','mon,tue,wed,thu,fri,sat,sun,mon,tue,wed,thu,fri,sat,sun',0,0,'0','1','0',30000);
Insert into SEMISDG.SPC_PRICE (SPC_PRICE_NO,SPC_DETAIL_NO,SPC_DETAIL_NAME,SPC_PRICE_DAY,SPC_PRICE_START,SPC_PRICE_END,SPC_PRICE_PEAK,SPC_PRICE_PERMAN,SPC_PRICE_DAY_BOOL,SPC_PRICE_PRICE) values (69,57,'기본요금','mon,tue,wed,thu,fri,sat,sun,mon,tue,wed,thu,fri,sat,sun',0,0,'0','1','0',40000);
Insert into SEMISDG.SPC_PRICE (SPC_PRICE_NO,SPC_DETAIL_NO,SPC_DETAIL_NAME,SPC_PRICE_DAY,SPC_PRICE_START,SPC_PRICE_END,SPC_PRICE_PEAK,SPC_PRICE_PERMAN,SPC_PRICE_DAY_BOOL,SPC_PRICE_PRICE) values (70,58,'기본요금','mon,tue,wed,thu,fri,sat,sun,mon,tue,wed,thu,fri,sat,sun',0,0,'0','1','0',10000);
Insert into SEMISDG.SPC_PRICE (SPC_PRICE_NO,SPC_DETAIL_NO,SPC_DETAIL_NAME,SPC_PRICE_DAY,SPC_PRICE_START,SPC_PRICE_END,SPC_PRICE_PEAK,SPC_PRICE_PERMAN,SPC_PRICE_DAY_BOOL,SPC_PRICE_PRICE) values (71,59,'기본요금','mon,tue,wed,thu,fri,sat,sun,mon,tue,wed,thu,fri,sat,sun',0,0,'0','1','0',10000);
Insert into SEMISDG.SPC_PRICE (SPC_PRICE_NO,SPC_DETAIL_NO,SPC_DETAIL_NAME,SPC_PRICE_DAY,SPC_PRICE_START,SPC_PRICE_END,SPC_PRICE_PEAK,SPC_PRICE_PERMAN,SPC_PRICE_DAY_BOOL,SPC_PRICE_PRICE) values (72,60,'기본요금','mon,tue,wed,thu,fri,sat,sun,mon,tue,wed,thu,fri,sat,sun',0,0,'0','1','0',3000);
Insert into SEMISDG.SPC_PRICE (SPC_PRICE_NO,SPC_DETAIL_NO,SPC_DETAIL_NAME,SPC_PRICE_DAY,SPC_PRICE_START,SPC_PRICE_END,SPC_PRICE_PEAK,SPC_PRICE_PERMAN,SPC_PRICE_DAY_BOOL,SPC_PRICE_PRICE) values (73,61,'기본요금','mon,tue,wed,thu,fri,sat,sun,mon,tue,wed,thu,fri,sat,sun',0,0,'0','1','0',30000);
Insert into SEMISDG.SPC_PRICE (SPC_PRICE_NO,SPC_DETAIL_NO,SPC_DETAIL_NAME,SPC_PRICE_DAY,SPC_PRICE_START,SPC_PRICE_END,SPC_PRICE_PEAK,SPC_PRICE_PERMAN,SPC_PRICE_DAY_BOOL,SPC_PRICE_PRICE) values (74,62,'기본요금','mon,tue,wed,thu,fri,sat,sun,mon,tue,wed,thu,fri,sat,sun',0,0,'0','1','0',10000);
Insert into SEMISDG.SPC_PRICE (SPC_PRICE_NO,SPC_DETAIL_NO,SPC_DETAIL_NAME,SPC_PRICE_DAY,SPC_PRICE_START,SPC_PRICE_END,SPC_PRICE_PEAK,SPC_PRICE_PERMAN,SPC_PRICE_DAY_BOOL,SPC_PRICE_PRICE) values (75,63,'기본요금','mon,tue,wed,thu,fri,sat,sun,mon,tue,wed,thu,fri,sat,sun',0,0,'0','1','0',3000);
Insert into SEMISDG.SPC_PRICE (SPC_PRICE_NO,SPC_DETAIL_NO,SPC_DETAIL_NAME,SPC_PRICE_DAY,SPC_PRICE_START,SPC_PRICE_END,SPC_PRICE_PEAK,SPC_PRICE_PERMAN,SPC_PRICE_DAY_BOOL,SPC_PRICE_PRICE) values (76,64,'기본요금','mon,tue,wed,thu,fri,sat,sun,mon,tue,wed,thu,fri,sat,sun',0,0,'0','1','0',700);
Insert into SEMISDG.SPC_PRICE (SPC_PRICE_NO,SPC_DETAIL_NO,SPC_DETAIL_NAME,SPC_PRICE_DAY,SPC_PRICE_START,SPC_PRICE_END,SPC_PRICE_PEAK,SPC_PRICE_PERMAN,SPC_PRICE_DAY_BOOL,SPC_PRICE_PRICE) values (78,66,'기본요금','mon,tue,wed,thu,fri,sat,sun,mon,tue,wed,thu,fri,sat,sun',0,0,'0','1','0',500);
Insert into SEMISDG.SPC_PRICE (SPC_PRICE_NO,SPC_DETAIL_NO,SPC_DETAIL_NAME,SPC_PRICE_DAY,SPC_PRICE_START,SPC_PRICE_END,SPC_PRICE_PEAK,SPC_PRICE_PERMAN,SPC_PRICE_DAY_BOOL,SPC_PRICE_PRICE) values (79,67,'기본요금','mon,tue,wed,thu,fri,sat,sun,mon,tue,wed,thu,fri,sat,sun',0,0,'0','1','0',300);
Insert into SEMISDG.SPC_PRICE (SPC_PRICE_NO,SPC_DETAIL_NO,SPC_DETAIL_NAME,SPC_PRICE_DAY,SPC_PRICE_START,SPC_PRICE_END,SPC_PRICE_PEAK,SPC_PRICE_PERMAN,SPC_PRICE_DAY_BOOL,SPC_PRICE_PRICE) values (80,68,'기본요금','mon,tue,wed,thu,fri,sat,sun,mon,tue,wed,thu,fri,sat,sun',0,0,'0','1','0',1000);
Insert into SEMISDG.SPC_PRICE (SPC_PRICE_NO,SPC_DETAIL_NO,SPC_DETAIL_NAME,SPC_PRICE_DAY,SPC_PRICE_START,SPC_PRICE_END,SPC_PRICE_PEAK,SPC_PRICE_PERMAN,SPC_PRICE_DAY_BOOL,SPC_PRICE_PRICE) values (81,69,'기본요금','mon,tue,wed,thu,fri,sat,sun,mon,tue,wed,thu,fri,sat,sun',0,0,'0','1','0',800);
Insert into SEMISDG.SPC_PRICE (SPC_PRICE_NO,SPC_DETAIL_NO,SPC_DETAIL_NAME,SPC_PRICE_DAY,SPC_PRICE_START,SPC_PRICE_END,SPC_PRICE_PEAK,SPC_PRICE_PERMAN,SPC_PRICE_DAY_BOOL,SPC_PRICE_PRICE) values (82,70,'기본요금','mon,tue,wed,thu,fri,sat,sun,mon,tue,wed,thu,fri,sat,sun',0,0,'0','1','0',1200);
Insert into SEMISDG.SPC_PRICE (SPC_PRICE_NO,SPC_DETAIL_NO,SPC_DETAIL_NAME,SPC_PRICE_DAY,SPC_PRICE_START,SPC_PRICE_END,SPC_PRICE_PEAK,SPC_PRICE_PERMAN,SPC_PRICE_DAY_BOOL,SPC_PRICE_PRICE) values (48,48,'기본요금','mon,tue,wed,thu,fri,sat,sun,mon,tue,wed,thu,fri,sat,sun',0,0,'0','1','0',10000);
Insert into SEMISDG.SPC_PRICE (SPC_PRICE_NO,SPC_DETAIL_NO,SPC_DETAIL_NAME,SPC_PRICE_DAY,SPC_PRICE_START,SPC_PRICE_END,SPC_PRICE_PEAK,SPC_PRICE_PERMAN,SPC_PRICE_DAY_BOOL,SPC_PRICE_PRICE) values (62,50,'기본요금','mon,tue,wed,thu,fri,sat,sun,mon,tue,wed,thu,fri,sat,sun',0,0,'0','1','0',10000);
Insert into SEMISDG.SPC_PRICE (SPC_PRICE_NO,SPC_DETAIL_NO,SPC_DETAIL_NAME,SPC_PRICE_DAY,SPC_PRICE_START,SPC_PRICE_END,SPC_PRICE_PEAK,SPC_PRICE_PERMAN,SPC_PRICE_DAY_BOOL,SPC_PRICE_PRICE) values (77,65,'기본요금','mon,tue,wed,thu,fri,sat,sun,mon,tue,wed,thu,fri,sat,sun',0,0,'0','1','0',800);
REM INSERTING into SEMISDG.SPC_RES
SET DEFINE OFF;
Insert into SEMISDG.SPC_RES (RES_GROUP_NO,MEM_ID,SPC_NO,RES_MANY,RES_NAME,RES_PHONE,RES_EMAIL,RES_CONTENT,RES_APPLY) values (24,'testid',63,5,'testname','01000000000','testemail','없습니다',to_timestamp('20/02/19 13:09:19.818000000','RR/MM/DD HH24:MI:SSXFF'));
REM INSERTING into SEMISDG.SPC_RES_GRP
SET DEFINE OFF;
Insert into SEMISDG.SPC_RES_GRP (RES_NO,RES_GROUP_NO,RES_CANCLE,RES_TIME,RES_PRIOR,RES_TIME_APPLY) values (566,24,'0',to_timestamp('20/02/22 07:00:00.000000000','RR/MM/DD HH24:MI:SSXFF'),0,to_timestamp('20/02/19 13:09:19.846000000','RR/MM/DD HH24:MI:SSXFF'));
Insert into SEMISDG.SPC_RES_GRP (RES_NO,RES_GROUP_NO,RES_CANCLE,RES_TIME,RES_PRIOR,RES_TIME_APPLY) values (565,24,'0',to_timestamp('20/02/22 06:00:00.000000000','RR/MM/DD HH24:MI:SSXFF'),0,to_timestamp('20/02/19 13:09:19.845000000','RR/MM/DD HH24:MI:SSXFF'));
Insert into SEMISDG.SPC_RES_GRP (RES_NO,RES_GROUP_NO,RES_CANCLE,RES_TIME,RES_PRIOR,RES_TIME_APPLY) values (567,24,'0',to_timestamp('20/02/22 08:00:00.000000000','RR/MM/DD HH24:MI:SSXFF'),0,to_timestamp('20/02/19 13:09:19.846000000','RR/MM/DD HH24:MI:SSXFF'));
Insert into SEMISDG.SPC_RES_GRP (RES_NO,RES_GROUP_NO,RES_CANCLE,RES_TIME,RES_PRIOR,RES_TIME_APPLY) values (568,24,'0',to_timestamp('20/02/22 09:00:00.000000000','RR/MM/DD HH24:MI:SSXFF'),0,to_timestamp('20/02/19 13:09:19.846000000','RR/MM/DD HH24:MI:SSXFF'));
Insert into SEMISDG.SPC_RES_GRP (RES_NO,RES_GROUP_NO,RES_CANCLE,RES_TIME,RES_PRIOR,RES_TIME_APPLY) values (569,24,'0',to_timestamp('20/02/22 10:00:00.000000000','RR/MM/DD HH24:MI:SSXFF'),0,to_timestamp('20/02/19 13:09:19.847000000','RR/MM/DD HH24:MI:SSXFF'));
Insert into SEMISDG.SPC_RES_GRP (RES_NO,RES_GROUP_NO,RES_CANCLE,RES_TIME,RES_PRIOR,RES_TIME_APPLY) values (570,24,'0',to_timestamp('20/02/22 11:00:00.000000000','RR/MM/DD HH24:MI:SSXFF'),0,to_timestamp('20/02/19 13:09:19.847000000','RR/MM/DD HH24:MI:SSXFF'));
REM INSERTING into SEMISDG.SPC_TIMETABLE
SET DEFINE OFF;
Insert into SEMISDG.SPC_TIMETABLE (SPC_DETAIL_NO,SPC_DAY,SPC_HOUR_START,SPC_HOUR_END,SPC_AVAIL) values (49,'mon,tue,wed,thu,fri,sat,sun,mon,tue,wed,thu,fri,sat,sun',0,24,'0');
Insert into SEMISDG.SPC_TIMETABLE (SPC_DETAIL_NO,SPC_DAY,SPC_HOUR_START,SPC_HOUR_END,SPC_AVAIL) values (51,'mon,tue,wed,thu,fri,sat,sun,mon,tue,wed,thu,fri,sat,sun',0,24,'0');
Insert into SEMISDG.SPC_TIMETABLE (SPC_DETAIL_NO,SPC_DAY,SPC_HOUR_START,SPC_HOUR_END,SPC_AVAIL) values (52,'mon,tue,wed,thu,fri,sat,sun,mon,tue,wed,thu,fri,sat,sun',0,24,'0');
Insert into SEMISDG.SPC_TIMETABLE (SPC_DETAIL_NO,SPC_DAY,SPC_HOUR_START,SPC_HOUR_END,SPC_AVAIL) values (53,'mon,tue,wed,thu,fri,sat,sun,mon,tue,wed,thu,fri,sat,sun',0,24,'0');
Insert into SEMISDG.SPC_TIMETABLE (SPC_DETAIL_NO,SPC_DAY,SPC_HOUR_START,SPC_HOUR_END,SPC_AVAIL) values (54,'mon,tue,wed,thu,fri,sat,sun,mon,tue,wed,thu,fri,sat,sun',0,24,'0');
Insert into SEMISDG.SPC_TIMETABLE (SPC_DETAIL_NO,SPC_DAY,SPC_HOUR_START,SPC_HOUR_END,SPC_AVAIL) values (55,'mon,tue,wed,thu,fri,sat,sun,mon,tue,wed,thu,fri,sat,sun',0,24,'0');
Insert into SEMISDG.SPC_TIMETABLE (SPC_DETAIL_NO,SPC_DAY,SPC_HOUR_START,SPC_HOUR_END,SPC_AVAIL) values (56,'mon,tue,wed,thu,fri,sat,sun,mon,tue,wed,thu,fri,sat,sun',0,24,'0');
Insert into SEMISDG.SPC_TIMETABLE (SPC_DETAIL_NO,SPC_DAY,SPC_HOUR_START,SPC_HOUR_END,SPC_AVAIL) values (57,'mon,tue,wed,thu,fri,sat,sun,mon,tue,wed,thu,fri,sat,sun',0,24,'0');
Insert into SEMISDG.SPC_TIMETABLE (SPC_DETAIL_NO,SPC_DAY,SPC_HOUR_START,SPC_HOUR_END,SPC_AVAIL) values (58,'mon,tue,wed,thu,fri,sat,sun,mon,tue,wed,thu,fri,sat,sun',0,24,'0');
Insert into SEMISDG.SPC_TIMETABLE (SPC_DETAIL_NO,SPC_DAY,SPC_HOUR_START,SPC_HOUR_END,SPC_AVAIL) values (59,'mon,tue,wed,thu,fri,sat,sun,mon,tue,wed,thu,fri,sat,sun',0,24,'0');
Insert into SEMISDG.SPC_TIMETABLE (SPC_DETAIL_NO,SPC_DAY,SPC_HOUR_START,SPC_HOUR_END,SPC_AVAIL) values (60,'mon,tue,wed,thu,fri,sat,sun,mon,tue,wed,thu,fri,sat,sun',0,24,'0');
Insert into SEMISDG.SPC_TIMETABLE (SPC_DETAIL_NO,SPC_DAY,SPC_HOUR_START,SPC_HOUR_END,SPC_AVAIL) values (61,'mon,tue,wed,thu,fri,sat,sun,mon,tue,wed,thu,fri,sat,sun',0,24,'0');
Insert into SEMISDG.SPC_TIMETABLE (SPC_DETAIL_NO,SPC_DAY,SPC_HOUR_START,SPC_HOUR_END,SPC_AVAIL) values (62,'mon,tue,wed,thu,fri,sat,sun,mon,tue,wed,thu,fri,sat,sun',0,24,'0');
Insert into SEMISDG.SPC_TIMETABLE (SPC_DETAIL_NO,SPC_DAY,SPC_HOUR_START,SPC_HOUR_END,SPC_AVAIL) values (63,'mon,tue,wed,thu,fri,sat,sun,mon,tue,wed,thu,fri,sat,sun',0,24,'0');
Insert into SEMISDG.SPC_TIMETABLE (SPC_DETAIL_NO,SPC_DAY,SPC_HOUR_START,SPC_HOUR_END,SPC_AVAIL) values (64,'mon,tue,wed,thu,fri,sat,sun,mon,tue,wed,thu,fri,sat,sun',0,24,'0');
Insert into SEMISDG.SPC_TIMETABLE (SPC_DETAIL_NO,SPC_DAY,SPC_HOUR_START,SPC_HOUR_END,SPC_AVAIL) values (66,'mon,tue,wed,thu,fri,sat,sun,mon,tue,wed,thu,fri,sat,sun',0,24,'0');
Insert into SEMISDG.SPC_TIMETABLE (SPC_DETAIL_NO,SPC_DAY,SPC_HOUR_START,SPC_HOUR_END,SPC_AVAIL) values (67,'mon,tue,wed,thu,fri,sat,sun,mon,tue,wed,thu,fri,sat,sun',0,24,'0');
Insert into SEMISDG.SPC_TIMETABLE (SPC_DETAIL_NO,SPC_DAY,SPC_HOUR_START,SPC_HOUR_END,SPC_AVAIL) values (68,'mon,tue,wed,thu,fri,sat,sun,mon,tue,wed,thu,fri,sat,sun',0,24,'0');
Insert into SEMISDG.SPC_TIMETABLE (SPC_DETAIL_NO,SPC_DAY,SPC_HOUR_START,SPC_HOUR_END,SPC_AVAIL) values (69,'mon,tue,wed,thu,fri,sat,sun,mon,tue,wed,thu,fri,sat,sun',0,24,'0');
Insert into SEMISDG.SPC_TIMETABLE (SPC_DETAIL_NO,SPC_DAY,SPC_HOUR_START,SPC_HOUR_END,SPC_AVAIL) values (70,'mon,tue,wed,thu,fri,sat,sun,mon,tue,wed,thu,fri,sat,sun',0,24,'0');
Insert into SEMISDG.SPC_TIMETABLE (SPC_DETAIL_NO,SPC_DAY,SPC_HOUR_START,SPC_HOUR_END,SPC_AVAIL) values (48,'mon,tue,wed,thu,fri,sat,sun,mon,tue,wed,thu,fri,sat,sun',12,12,'0');
Insert into SEMISDG.SPC_TIMETABLE (SPC_DETAIL_NO,SPC_DAY,SPC_HOUR_START,SPC_HOUR_END,SPC_AVAIL) values (50,'mon,tue,wed,thu,fri,sat,sun,mon,tue,wed,thu,fri,sat,sun',0,24,'0');
Insert into SEMISDG.SPC_TIMETABLE (SPC_DETAIL_NO,SPC_DAY,SPC_HOUR_START,SPC_HOUR_END,SPC_AVAIL) values (65,'mon,tue,wed,thu,fri,sat,sun,mon,tue,wed,thu,fri,sat,sun',0,24,'0');
REM INSERTING into SEMISDG.SPC_TIME_EXP
SET DEFINE OFF;
Insert into SEMISDG.SPC_TIME_EXP (SPC_DETAIL_NO,SPC_EXCEP_DATE,SPC_EXCEP_START,SPC_EXCEP_END,SPC_AVAIL) values (49,to_date('20/02/12','RR/MM/DD'),0,0,'0');
Insert into SEMISDG.SPC_TIME_EXP (SPC_DETAIL_NO,SPC_EXCEP_DATE,SPC_EXCEP_START,SPC_EXCEP_END,SPC_AVAIL) values (51,to_date('20/02/12','RR/MM/DD'),0,0,'0');
Insert into SEMISDG.SPC_TIME_EXP (SPC_DETAIL_NO,SPC_EXCEP_DATE,SPC_EXCEP_START,SPC_EXCEP_END,SPC_AVAIL) values (52,to_date('20/02/12','RR/MM/DD'),0,0,'0');
Insert into SEMISDG.SPC_TIME_EXP (SPC_DETAIL_NO,SPC_EXCEP_DATE,SPC_EXCEP_START,SPC_EXCEP_END,SPC_AVAIL) values (53,to_date('20/02/12','RR/MM/DD'),0,0,'0');
Insert into SEMISDG.SPC_TIME_EXP (SPC_DETAIL_NO,SPC_EXCEP_DATE,SPC_EXCEP_START,SPC_EXCEP_END,SPC_AVAIL) values (54,to_date('20/02/12','RR/MM/DD'),0,0,'0');
Insert into SEMISDG.SPC_TIME_EXP (SPC_DETAIL_NO,SPC_EXCEP_DATE,SPC_EXCEP_START,SPC_EXCEP_END,SPC_AVAIL) values (55,to_date('20/02/12','RR/MM/DD'),0,0,'0');
Insert into SEMISDG.SPC_TIME_EXP (SPC_DETAIL_NO,SPC_EXCEP_DATE,SPC_EXCEP_START,SPC_EXCEP_END,SPC_AVAIL) values (56,to_date('20/02/12','RR/MM/DD'),0,0,'0');
Insert into SEMISDG.SPC_TIME_EXP (SPC_DETAIL_NO,SPC_EXCEP_DATE,SPC_EXCEP_START,SPC_EXCEP_END,SPC_AVAIL) values (57,to_date('20/02/12','RR/MM/DD'),0,0,'0');
Insert into SEMISDG.SPC_TIME_EXP (SPC_DETAIL_NO,SPC_EXCEP_DATE,SPC_EXCEP_START,SPC_EXCEP_END,SPC_AVAIL) values (58,to_date('20/02/12','RR/MM/DD'),0,0,'0');
Insert into SEMISDG.SPC_TIME_EXP (SPC_DETAIL_NO,SPC_EXCEP_DATE,SPC_EXCEP_START,SPC_EXCEP_END,SPC_AVAIL) values (59,to_date('20/02/12','RR/MM/DD'),0,0,'0');
Insert into SEMISDG.SPC_TIME_EXP (SPC_DETAIL_NO,SPC_EXCEP_DATE,SPC_EXCEP_START,SPC_EXCEP_END,SPC_AVAIL) values (60,to_date('20/02/12','RR/MM/DD'),0,0,'0');
Insert into SEMISDG.SPC_TIME_EXP (SPC_DETAIL_NO,SPC_EXCEP_DATE,SPC_EXCEP_START,SPC_EXCEP_END,SPC_AVAIL) values (61,to_date('20/02/12','RR/MM/DD'),0,0,'0');
Insert into SEMISDG.SPC_TIME_EXP (SPC_DETAIL_NO,SPC_EXCEP_DATE,SPC_EXCEP_START,SPC_EXCEP_END,SPC_AVAIL) values (62,to_date('20/02/12','RR/MM/DD'),0,0,'0');
Insert into SEMISDG.SPC_TIME_EXP (SPC_DETAIL_NO,SPC_EXCEP_DATE,SPC_EXCEP_START,SPC_EXCEP_END,SPC_AVAIL) values (63,to_date('20/02/12','RR/MM/DD'),0,0,'0');
Insert into SEMISDG.SPC_TIME_EXP (SPC_DETAIL_NO,SPC_EXCEP_DATE,SPC_EXCEP_START,SPC_EXCEP_END,SPC_AVAIL) values (64,to_date('20/02/12','RR/MM/DD'),0,0,'0');
Insert into SEMISDG.SPC_TIME_EXP (SPC_DETAIL_NO,SPC_EXCEP_DATE,SPC_EXCEP_START,SPC_EXCEP_END,SPC_AVAIL) values (66,to_date('20/02/12','RR/MM/DD'),0,0,'0');
Insert into SEMISDG.SPC_TIME_EXP (SPC_DETAIL_NO,SPC_EXCEP_DATE,SPC_EXCEP_START,SPC_EXCEP_END,SPC_AVAIL) values (67,to_date('20/02/12','RR/MM/DD'),0,0,'0');
Insert into SEMISDG.SPC_TIME_EXP (SPC_DETAIL_NO,SPC_EXCEP_DATE,SPC_EXCEP_START,SPC_EXCEP_END,SPC_AVAIL) values (68,to_date('20/02/12','RR/MM/DD'),0,0,'0');
Insert into SEMISDG.SPC_TIME_EXP (SPC_DETAIL_NO,SPC_EXCEP_DATE,SPC_EXCEP_START,SPC_EXCEP_END,SPC_AVAIL) values (69,to_date('20/02/12','RR/MM/DD'),0,0,'0');
Insert into SEMISDG.SPC_TIME_EXP (SPC_DETAIL_NO,SPC_EXCEP_DATE,SPC_EXCEP_START,SPC_EXCEP_END,SPC_AVAIL) values (70,to_date('20/02/12','RR/MM/DD'),0,0,'0');
Insert into SEMISDG.SPC_TIME_EXP (SPC_DETAIL_NO,SPC_EXCEP_DATE,SPC_EXCEP_START,SPC_EXCEP_END,SPC_AVAIL) values (48,to_date('20/02/12','RR/MM/DD'),0,0,'0');
Insert into SEMISDG.SPC_TIME_EXP (SPC_DETAIL_NO,SPC_EXCEP_DATE,SPC_EXCEP_START,SPC_EXCEP_END,SPC_AVAIL) values (50,to_date('20/02/12','RR/MM/DD'),0,0,'0');
Insert into SEMISDG.SPC_TIME_EXP (SPC_DETAIL_NO,SPC_EXCEP_DATE,SPC_EXCEP_START,SPC_EXCEP_END,SPC_AVAIL) values (65,to_date('20/02/12','RR/MM/DD'),0,0,'0');
REM INSERTING into SEMISDG.SPC_TYPE
SET DEFINE OFF;
Insert into SEMISDG.SPC_TYPE (SPC_TYPE_NO,SPC_TYPE_NAME) values (1,'회의실');
Insert into SEMISDG.SPC_TYPE (SPC_TYPE_NO,SPC_TYPE_NAME) values (2,'다목적홀');
Insert into SEMISDG.SPC_TYPE (SPC_TYPE_NO,SPC_TYPE_NAME) values (3,'레저시설');
Insert into SEMISDG.SPC_TYPE (SPC_TYPE_NO,SPC_TYPE_NAME) values (4,'파티룸');
Insert into SEMISDG.SPC_TYPE (SPC_TYPE_NO,SPC_TYPE_NAME) values (5,'공연장');
Insert into SEMISDG.SPC_TYPE (SPC_TYPE_NO,SPC_TYPE_NAME) values (6,'카페');
Insert into SEMISDG.SPC_TYPE (SPC_TYPE_NO,SPC_TYPE_NAME) values (7,'스터디룸');
Insert into SEMISDG.SPC_TYPE (SPC_TYPE_NO,SPC_TYPE_NAME) values (8,'독립오피스');
Insert into SEMISDG.SPC_TYPE (SPC_TYPE_NO,SPC_TYPE_NAME) values (9,'코워킹오피스');
Insert into SEMISDG.SPC_TYPE (SPC_TYPE_NO,SPC_TYPE_NAME) values (10,'일하기좋은카페');
--------------------------------------------------------
--  DDL for Index PK_CMMT_RPT
--------------------------------------------------------

  CREATE UNIQUE INDEX "SEMISDG"."PK_CMMT_RPT" ON "SEMISDG"."CMMT_RPT" ("COMMENT_REPORT_NO") 
  PCTFREE 10 INITRANS 2 MAXTRANS 255 COMPUTE STATISTICS 
  STORAGE(INITIAL 65536 NEXT 1048576 MINEXTENTS 1 MAXEXTENTS 2147483645
  PCTINCREASE 0 FREELISTS 1 FREELIST GROUPS 1 BUFFER_POOL DEFAULT FLASH_CACHE DEFAULT CELL_FLASH_CACHE DEFAULT)
  TABLESPACE "USERS" ;
--------------------------------------------------------
--  DDL for Index PK_MEMBERSHIP
--------------------------------------------------------

  CREATE UNIQUE INDEX "SEMISDG"."PK_MEMBERSHIP" ON "SEMISDG"."MEMBERSHIP" ("MEM_ID") 
  PCTFREE 10 INITRANS 2 MAXTRANS 255 COMPUTE STATISTICS 
  STORAGE(INITIAL 65536 NEXT 1048576 MINEXTENTS 1 MAXEXTENTS 2147483645
  PCTINCREASE 0 FREELISTS 1 FREELIST GROUPS 1 BUFFER_POOL DEFAULT FLASH_CACHE DEFAULT CELL_FLASH_CACHE DEFAULT)
  TABLESPACE "USERS" ;
--------------------------------------------------------
--  DDL for Index PK_MEMBER_BLK
--------------------------------------------------------

  CREATE UNIQUE INDEX "SEMISDG"."PK_MEMBER_BLK" ON "SEMISDG"."MEMBER_BLK" ("MEM_ID") 
  PCTFREE 10 INITRANS 2 MAXTRANS 255 COMPUTE STATISTICS 
  STORAGE(INITIAL 65536 NEXT 1048576 MINEXTENTS 1 MAXEXTENTS 2147483645
  PCTINCREASE 0 FREELISTS 1 FREELIST GROUPS 1 BUFFER_POOL DEFAULT FLASH_CACHE DEFAULT CELL_FLASH_CACHE DEFAULT)
  TABLESPACE "USERS" ;
--------------------------------------------------------
--  DDL for Index PK_MEMBER_BUSI
--------------------------------------------------------

  CREATE UNIQUE INDEX "SEMISDG"."PK_MEMBER_BUSI" ON "SEMISDG"."MEMBER_BUSI" ("MEM_ID") 
  PCTFREE 10 INITRANS 2 MAXTRANS 255 COMPUTE STATISTICS 
  STORAGE(INITIAL 65536 NEXT 1048576 MINEXTENTS 1 MAXEXTENTS 2147483645
  PCTINCREASE 0 FREELISTS 1 FREELIST GROUPS 1 BUFFER_POOL DEFAULT FLASH_CACHE DEFAULT CELL_FLASH_CACHE DEFAULT)
  TABLESPACE "USERS" ;
--------------------------------------------------------
--  DDL for Index PK_MEMBER_GRD
--------------------------------------------------------

  CREATE UNIQUE INDEX "SEMISDG"."PK_MEMBER_GRD" ON "SEMISDG"."MEMBER_GRD" ("MEM_GRADE_NAME") 
  PCTFREE 10 INITRANS 2 MAXTRANS 255 COMPUTE STATISTICS 
  STORAGE(INITIAL 65536 NEXT 1048576 MINEXTENTS 1 MAXEXTENTS 2147483645
  PCTINCREASE 0 FREELISTS 1 FREELIST GROUPS 1 BUFFER_POOL DEFAULT FLASH_CACHE DEFAULT CELL_FLASH_CACHE DEFAULT)
  TABLESPACE "USERS" ;
--------------------------------------------------------
--  DDL for Index PK_REVIEW
--------------------------------------------------------

  CREATE UNIQUE INDEX "SEMISDG"."PK_REVIEW" ON "SEMISDG"."REVIEW" ("REVIEW_NO") 
  PCTFREE 10 INITRANS 2 MAXTRANS 255 COMPUTE STATISTICS 
  STORAGE(INITIAL 65536 NEXT 1048576 MINEXTENTS 1 MAXEXTENTS 2147483645
  PCTINCREASE 0 FREELISTS 1 FREELIST GROUPS 1 BUFFER_POOL DEFAULT FLASH_CACHE DEFAULT CELL_FLASH_CACHE DEFAULT)
  TABLESPACE "USERS" ;
--------------------------------------------------------
--  DDL for Index PK_REVIEW_CMNT
--------------------------------------------------------

  CREATE UNIQUE INDEX "SEMISDG"."PK_REVIEW_CMNT" ON "SEMISDG"."REVIEW_CMNT" ("COMMENT_NO") 
  PCTFREE 10 INITRANS 2 MAXTRANS 255 COMPUTE STATISTICS 
  STORAGE(INITIAL 65536 NEXT 1048576 MINEXTENTS 1 MAXEXTENTS 2147483645
  PCTINCREASE 0 FREELISTS 1 FREELIST GROUPS 1 BUFFER_POOL DEFAULT FLASH_CACHE DEFAULT CELL_FLASH_CACHE DEFAULT)
  TABLESPACE "USERS" ;
--------------------------------------------------------
--  DDL for Index PK_REVIEW_RPT
--------------------------------------------------------

  CREATE UNIQUE INDEX "SEMISDG"."PK_REVIEW_RPT" ON "SEMISDG"."REVIEW_RPT" ("REVIEW_REPORT_NO") 
  PCTFREE 10 INITRANS 2 MAXTRANS 255 COMPUTE STATISTICS 
  STORAGE(INITIAL 65536 NEXT 1048576 MINEXTENTS 1 MAXEXTENTS 2147483645
  PCTINCREASE 0 FREELISTS 1 FREELIST GROUPS 1 BUFFER_POOL DEFAULT FLASH_CACHE DEFAULT CELL_FLASH_CACHE DEFAULT)
  TABLESPACE "USERS" ;
--------------------------------------------------------
--  DDL for Index PK_SPC
--------------------------------------------------------

  CREATE UNIQUE INDEX "SEMISDG"."PK_SPC" ON "SEMISDG"."SPC" ("SPC_NO") 
  PCTFREE 10 INITRANS 2 MAXTRANS 255 COMPUTE STATISTICS 
  STORAGE(INITIAL 65536 NEXT 1048576 MINEXTENTS 1 MAXEXTENTS 2147483645
  PCTINCREASE 0 FREELISTS 1 FREELIST GROUPS 1 BUFFER_POOL DEFAULT FLASH_CACHE DEFAULT CELL_FLASH_CACHE DEFAULT)
  TABLESPACE "USERS" ;
--------------------------------------------------------
--  DDL for Index PK_SPC_CTT_IMG
--------------------------------------------------------

  CREATE UNIQUE INDEX "SEMISDG"."PK_SPC_CTT_IMG" ON "SEMISDG"."SPC_CTT_IMG" ("SPC_DETAIL_NO", "SPC_NO") 
  PCTFREE 10 INITRANS 2 MAXTRANS 255 COMPUTE STATISTICS 
  STORAGE(INITIAL 65536 NEXT 1048576 MINEXTENTS 1 MAXEXTENTS 2147483645
  PCTINCREASE 0 FREELISTS 1 FREELIST GROUPS 1 BUFFER_POOL DEFAULT FLASH_CACHE DEFAULT CELL_FLASH_CACHE DEFAULT)
  TABLESPACE "USERS" ;
--------------------------------------------------------
--  DDL for Index PK_SPC_DTL
--------------------------------------------------------

  CREATE UNIQUE INDEX "SEMISDG"."PK_SPC_DTL" ON "SEMISDG"."SPC_DTL" ("SPC_DETAIL_NO") 
  PCTFREE 10 INITRANS 2 MAXTRANS 255 COMPUTE STATISTICS 
  STORAGE(INITIAL 65536 NEXT 1048576 MINEXTENTS 1 MAXEXTENTS 2147483645
  PCTINCREASE 0 FREELISTS 1 FREELIST GROUPS 1 BUFFER_POOL DEFAULT FLASH_CACHE DEFAULT CELL_FLASH_CACHE DEFAULT)
  TABLESPACE "USERS" ;
--------------------------------------------------------
--  DDL for Index PK_SPC_LOC
--------------------------------------------------------

  CREATE UNIQUE INDEX "SEMISDG"."PK_SPC_LOC" ON "SEMISDG"."SPC_LOC" ("SPC_LOCATION_NO") 
  PCTFREE 10 INITRANS 2 MAXTRANS 255 COMPUTE STATISTICS 
  STORAGE(INITIAL 65536 NEXT 1048576 MINEXTENTS 1 MAXEXTENTS 2147483645
  PCTINCREASE 0 FREELISTS 1 FREELIST GROUPS 1 BUFFER_POOL DEFAULT FLASH_CACHE DEFAULT CELL_FLASH_CACHE DEFAULT)
  TABLESPACE "USERS" ;
--------------------------------------------------------
--  DDL for Index PK_SPC_OPT_LST
--------------------------------------------------------

  CREATE UNIQUE INDEX "SEMISDG"."PK_SPC_OPT_LST" ON "SEMISDG"."SPC_OPT_LST" ("SPC_OPTION_NO") 
  PCTFREE 10 INITRANS 2 MAXTRANS 255 COMPUTE STATISTICS 
  STORAGE(INITIAL 65536 NEXT 1048576 MINEXTENTS 1 MAXEXTENTS 2147483645
  PCTINCREASE 0 FREELISTS 1 FREELIST GROUPS 1 BUFFER_POOL DEFAULT FLASH_CACHE DEFAULT CELL_FLASH_CACHE DEFAULT)
  TABLESPACE "USERS" ;
--------------------------------------------------------
--  DDL for Index PK_SPC_PRICE
--------------------------------------------------------

  CREATE UNIQUE INDEX "SEMISDG"."PK_SPC_PRICE" ON "SEMISDG"."SPC_PRICE" ("SPC_PRICE_NO") 
  PCTFREE 10 INITRANS 2 MAXTRANS 255 COMPUTE STATISTICS 
  STORAGE(INITIAL 65536 NEXT 1048576 MINEXTENTS 1 MAXEXTENTS 2147483645
  PCTINCREASE 0 FREELISTS 1 FREELIST GROUPS 1 BUFFER_POOL DEFAULT FLASH_CACHE DEFAULT CELL_FLASH_CACHE DEFAULT)
  TABLESPACE "USERS" ;
--------------------------------------------------------
--  DDL for Index PK_SPC_RES
--------------------------------------------------------

  CREATE UNIQUE INDEX "SEMISDG"."PK_SPC_RES" ON "SEMISDG"."SPC_RES" ("RES_GROUP_NO") 
  PCTFREE 10 INITRANS 2 MAXTRANS 255 COMPUTE STATISTICS 
  STORAGE(INITIAL 65536 NEXT 1048576 MINEXTENTS 1 MAXEXTENTS 2147483645
  PCTINCREASE 0 FREELISTS 1 FREELIST GROUPS 1 BUFFER_POOL DEFAULT FLASH_CACHE DEFAULT CELL_FLASH_CACHE DEFAULT)
  TABLESPACE "USERS" ;
--------------------------------------------------------
--  DDL for Index PK_SPC_RES_GRP
--------------------------------------------------------

  CREATE UNIQUE INDEX "SEMISDG"."PK_SPC_RES_GRP" ON "SEMISDG"."SPC_RES_GRP" ("RES_NO") 
  PCTFREE 10 INITRANS 2 MAXTRANS 255 COMPUTE STATISTICS 
  STORAGE(INITIAL 65536 NEXT 1048576 MINEXTENTS 1 MAXEXTENTS 2147483645
  PCTINCREASE 0 FREELISTS 1 FREELIST GROUPS 1 BUFFER_POOL DEFAULT FLASH_CACHE DEFAULT CELL_FLASH_CACHE DEFAULT)
  TABLESPACE "USERS" ;
--------------------------------------------------------
--  DDL for Index PK_SPC_TYPE
--------------------------------------------------------

  CREATE UNIQUE INDEX "SEMISDG"."PK_SPC_TYPE" ON "SEMISDG"."SPC_TYPE" ("SPC_TYPE_NO") 
  PCTFREE 10 INITRANS 2 MAXTRANS 255 COMPUTE STATISTICS 
  STORAGE(INITIAL 65536 NEXT 1048576 MINEXTENTS 1 MAXEXTENTS 2147483645
  PCTINCREASE 0 FREELISTS 1 FREELIST GROUPS 1 BUFFER_POOL DEFAULT FLASH_CACHE DEFAULT CELL_FLASH_CACHE DEFAULT)
  TABLESPACE "USERS" ;
--------------------------------------------------------
--  Constraints for Table CMMT_RPT
--------------------------------------------------------

  ALTER TABLE "SEMISDG"."CMMT_RPT" ADD CONSTRAINT "PK_CMMT_RPT" PRIMARY KEY ("COMMENT_REPORT_NO")
  USING INDEX PCTFREE 10 INITRANS 2 MAXTRANS 255 COMPUTE STATISTICS 
  STORAGE(INITIAL 65536 NEXT 1048576 MINEXTENTS 1 MAXEXTENTS 2147483645
  PCTINCREASE 0 FREELISTS 1 FREELIST GROUPS 1 BUFFER_POOL DEFAULT FLASH_CACHE DEFAULT CELL_FLASH_CACHE DEFAULT)
  TABLESPACE "USERS"  ENABLE;
  ALTER TABLE "SEMISDG"."CMMT_RPT" MODIFY ("COMMENT_NO" NOT NULL ENABLE);
  ALTER TABLE "SEMISDG"."CMMT_RPT" MODIFY ("COMMENT_REPORT_NO" NOT NULL ENABLE);
--------------------------------------------------------
--  Constraints for Table MEMBERSHIP
--------------------------------------------------------

  ALTER TABLE "SEMISDG"."MEMBERSHIP" ADD CONSTRAINT "PK_MEMBERSHIP" PRIMARY KEY ("MEM_ID")
  USING INDEX PCTFREE 10 INITRANS 2 MAXTRANS 255 COMPUTE STATISTICS 
  STORAGE(INITIAL 65536 NEXT 1048576 MINEXTENTS 1 MAXEXTENTS 2147483645
  PCTINCREASE 0 FREELISTS 1 FREELIST GROUPS 1 BUFFER_POOL DEFAULT FLASH_CACHE DEFAULT CELL_FLASH_CACHE DEFAULT)
  TABLESPACE "USERS"  ENABLE;
  ALTER TABLE "SEMISDG"."MEMBERSHIP" MODIFY ("MEM_DATE" NOT NULL ENABLE);
  ALTER TABLE "SEMISDG"."MEMBERSHIP" MODIFY ("MEM_EMAIL" NOT NULL ENABLE);
  ALTER TABLE "SEMISDG"."MEMBERSHIP" MODIFY ("MEM_GENDER" NOT NULL ENABLE);
  ALTER TABLE "SEMISDG"."MEMBERSHIP" MODIFY ("MEM_GRADE_NAME" NOT NULL ENABLE);
  ALTER TABLE "SEMISDG"."MEMBERSHIP" MODIFY ("MEM_POINT" NOT NULL ENABLE);
  ALTER TABLE "SEMISDG"."MEMBERSHIP" MODIFY ("MEM_ADMIN" NOT NULL ENABLE);
  ALTER TABLE "SEMISDG"."MEMBERSHIP" MODIFY ("MEM_ROLE" NOT NULL ENABLE);
  ALTER TABLE "SEMISDG"."MEMBERSHIP" MODIFY ("MEM_NAME" NOT NULL ENABLE);
  ALTER TABLE "SEMISDG"."MEMBERSHIP" MODIFY ("MEM_PASS" NOT NULL ENABLE);
  ALTER TABLE "SEMISDG"."MEMBERSHIP" MODIFY ("MEM_ID" NOT NULL ENABLE);
--------------------------------------------------------
--  Constraints for Table MEMBER_BLK
--------------------------------------------------------

  ALTER TABLE "SEMISDG"."MEMBER_BLK" ADD CONSTRAINT "PK_MEMBER_BLK" PRIMARY KEY ("MEM_ID")
  USING INDEX PCTFREE 10 INITRANS 2 MAXTRANS 255 COMPUTE STATISTICS 
  STORAGE(INITIAL 65536 NEXT 1048576 MINEXTENTS 1 MAXEXTENTS 2147483645
  PCTINCREASE 0 FREELISTS 1 FREELIST GROUPS 1 BUFFER_POOL DEFAULT FLASH_CACHE DEFAULT CELL_FLASH_CACHE DEFAULT)
  TABLESPACE "USERS"  ENABLE;
  ALTER TABLE "SEMISDG"."MEMBER_BLK" MODIFY ("MEM_ID" NOT NULL ENABLE);
--------------------------------------------------------
--  Constraints for Table MEMBER_BUSI
--------------------------------------------------------

  ALTER TABLE "SEMISDG"."MEMBER_BUSI" ADD CONSTRAINT "PK_MEMBER_BUSI" PRIMARY KEY ("MEM_ID")
  USING INDEX PCTFREE 10 INITRANS 2 MAXTRANS 255 COMPUTE STATISTICS 
  STORAGE(INITIAL 65536 NEXT 1048576 MINEXTENTS 1 MAXEXTENTS 2147483645
  PCTINCREASE 0 FREELISTS 1 FREELIST GROUPS 1 BUFFER_POOL DEFAULT FLASH_CACHE DEFAULT CELL_FLASH_CACHE DEFAULT)
  TABLESPACE "USERS"  ENABLE;
  ALTER TABLE "SEMISDG"."MEMBER_BUSI" MODIFY ("MEM_BUIS_ALLOW" NOT NULL ENABLE);
  ALTER TABLE "SEMISDG"."MEMBER_BUSI" MODIFY ("MEM_BUIS_PHONE" NOT NULL ENABLE);
  ALTER TABLE "SEMISDG"."MEMBER_BUSI" MODIFY ("MEM_BUIS_ADDR" NOT NULL ENABLE);
  ALTER TABLE "SEMISDG"."MEMBER_BUSI" MODIFY ("MEM_BUIS_NO" NOT NULL ENABLE);
  ALTER TABLE "SEMISDG"."MEMBER_BUSI" MODIFY ("MEM_ID" NOT NULL ENABLE);
--------------------------------------------------------
--  Constraints for Table MEMBER_GRD
--------------------------------------------------------

  ALTER TABLE "SEMISDG"."MEMBER_GRD" ADD CONSTRAINT "PK_MEMBER_GRD" PRIMARY KEY ("MEM_GRADE_NAME")
  USING INDEX PCTFREE 10 INITRANS 2 MAXTRANS 255 COMPUTE STATISTICS 
  STORAGE(INITIAL 65536 NEXT 1048576 MINEXTENTS 1 MAXEXTENTS 2147483645
  PCTINCREASE 0 FREELISTS 1 FREELIST GROUPS 1 BUFFER_POOL DEFAULT FLASH_CACHE DEFAULT CELL_FLASH_CACHE DEFAULT)
  TABLESPACE "USERS"  ENABLE;
  ALTER TABLE "SEMISDG"."MEMBER_GRD" MODIFY ("MEM_GRADE_POINT" NOT NULL ENABLE);
  ALTER TABLE "SEMISDG"."MEMBER_GRD" MODIFY ("MEM_GRADE_NAME" NOT NULL ENABLE);
--------------------------------------------------------
--  Constraints for Table REVIEW
--------------------------------------------------------

  ALTER TABLE "SEMISDG"."REVIEW" ADD CONSTRAINT "PK_REVIEW" PRIMARY KEY ("REVIEW_NO")
  USING INDEX PCTFREE 10 INITRANS 2 MAXTRANS 255 COMPUTE STATISTICS 
  STORAGE(INITIAL 65536 NEXT 1048576 MINEXTENTS 1 MAXEXTENTS 2147483645
  PCTINCREASE 0 FREELISTS 1 FREELIST GROUPS 1 BUFFER_POOL DEFAULT FLASH_CACHE DEFAULT CELL_FLASH_CACHE DEFAULT)
  TABLESPACE "USERS"  ENABLE;
  ALTER TABLE "SEMISDG"."REVIEW" MODIFY ("REVIEW_DATE" NOT NULL ENABLE);
  ALTER TABLE "SEMISDG"."REVIEW" MODIFY ("REVIEW_TITLE" NOT NULL ENABLE);
  ALTER TABLE "SEMISDG"."REVIEW" MODIFY ("REVIEW_STAR" NOT NULL ENABLE);
  ALTER TABLE "SEMISDG"."REVIEW" MODIFY ("MEM_ID" NOT NULL ENABLE);
  ALTER TABLE "SEMISDG"."REVIEW" MODIFY ("SPC_NO" NOT NULL ENABLE);
  ALTER TABLE "SEMISDG"."REVIEW" MODIFY ("REVIEW_NO" NOT NULL ENABLE);
--------------------------------------------------------
--  Constraints for Table REVIEW_CMNT
--------------------------------------------------------

  ALTER TABLE "SEMISDG"."REVIEW_CMNT" ADD CONSTRAINT "PK_REVIEW_CMNT" PRIMARY KEY ("COMMENT_NO")
  USING INDEX PCTFREE 10 INITRANS 2 MAXTRANS 255 COMPUTE STATISTICS 
  STORAGE(INITIAL 65536 NEXT 1048576 MINEXTENTS 1 MAXEXTENTS 2147483645
  PCTINCREASE 0 FREELISTS 1 FREELIST GROUPS 1 BUFFER_POOL DEFAULT FLASH_CACHE DEFAULT CELL_FLASH_CACHE DEFAULT)
  TABLESPACE "USERS"  ENABLE;
  ALTER TABLE "SEMISDG"."REVIEW_CMNT" MODIFY ("COMMENT_TYPE" NOT NULL ENABLE);
  ALTER TABLE "SEMISDG"."REVIEW_CMNT" MODIFY ("REVIEW_NO" NOT NULL ENABLE);
  ALTER TABLE "SEMISDG"."REVIEW_CMNT" MODIFY ("MEM_ID" NOT NULL ENABLE);
  ALTER TABLE "SEMISDG"."REVIEW_CMNT" MODIFY ("COMMENT_NO" NOT NULL ENABLE);
--------------------------------------------------------
--  Constraints for Table REVIEW_RPT
--------------------------------------------------------

  ALTER TABLE "SEMISDG"."REVIEW_RPT" ADD CONSTRAINT "PK_REVIEW_RPT" PRIMARY KEY ("REVIEW_REPORT_NO")
  USING INDEX PCTFREE 10 INITRANS 2 MAXTRANS 255 COMPUTE STATISTICS 
  STORAGE(INITIAL 65536 NEXT 1048576 MINEXTENTS 1 MAXEXTENTS 2147483645
  PCTINCREASE 0 FREELISTS 1 FREELIST GROUPS 1 BUFFER_POOL DEFAULT FLASH_CACHE DEFAULT CELL_FLASH_CACHE DEFAULT)
  TABLESPACE "USERS"  ENABLE;
  ALTER TABLE "SEMISDG"."REVIEW_RPT" MODIFY ("REVIEW_NO" NOT NULL ENABLE);
  ALTER TABLE "SEMISDG"."REVIEW_RPT" MODIFY ("REVIEW_REPORT_NO" NOT NULL ENABLE);
--------------------------------------------------------
--  Constraints for Table SPC
--------------------------------------------------------

  ALTER TABLE "SEMISDG"."SPC" ADD CONSTRAINT "PK_SPC" PRIMARY KEY ("SPC_NO")
  USING INDEX PCTFREE 10 INITRANS 2 MAXTRANS 255 COMPUTE STATISTICS 
  STORAGE(INITIAL 65536 NEXT 1048576 MINEXTENTS 1 MAXEXTENTS 2147483645
  PCTINCREASE 0 FREELISTS 1 FREELIST GROUPS 1 BUFFER_POOL DEFAULT FLASH_CACHE DEFAULT CELL_FLASH_CACHE DEFAULT)
  TABLESPACE "USERS"  ENABLE;
  ALTER TABLE "SEMISDG"."SPC" MODIFY ("MEM_ID" NOT NULL ENABLE);
  ALTER TABLE "SEMISDG"."SPC" MODIFY ("SPC_NO" NOT NULL ENABLE);
--------------------------------------------------------
--  Constraints for Table SPC_CTT_IMG
--------------------------------------------------------

  ALTER TABLE "SEMISDG"."SPC_CTT_IMG" ADD CONSTRAINT "PK_SPC_CTT_IMG" PRIMARY KEY ("SPC_DETAIL_NO", "SPC_NO")
  USING INDEX PCTFREE 10 INITRANS 2 MAXTRANS 255 COMPUTE STATISTICS 
  STORAGE(INITIAL 65536 NEXT 1048576 MINEXTENTS 1 MAXEXTENTS 2147483645
  PCTINCREASE 0 FREELISTS 1 FREELIST GROUPS 1 BUFFER_POOL DEFAULT FLASH_CACHE DEFAULT CELL_FLASH_CACHE DEFAULT)
  TABLESPACE "USERS"  ENABLE;
  ALTER TABLE "SEMISDG"."SPC_CTT_IMG" MODIFY ("SPC_IMG_TITLE" NOT NULL ENABLE);
  ALTER TABLE "SEMISDG"."SPC_CTT_IMG" MODIFY ("SPC_NO" NOT NULL ENABLE);
  ALTER TABLE "SEMISDG"."SPC_CTT_IMG" MODIFY ("SPC_DETAIL_NO" NOT NULL ENABLE);
--------------------------------------------------------
--  Constraints for Table SPC_DTL
--------------------------------------------------------

  ALTER TABLE "SEMISDG"."SPC_DTL" ADD CONSTRAINT "PK_SPC_DTL" PRIMARY KEY ("SPC_DETAIL_NO")
  USING INDEX PCTFREE 10 INITRANS 2 MAXTRANS 255 COMPUTE STATISTICS 
  STORAGE(INITIAL 65536 NEXT 1048576 MINEXTENTS 1 MAXEXTENTS 2147483645
  PCTINCREASE 0 FREELISTS 1 FREELIST GROUPS 1 BUFFER_POOL DEFAULT FLASH_CACHE DEFAULT CELL_FLASH_CACHE DEFAULT)
  TABLESPACE "USERS"  ENABLE;
  ALTER TABLE "SEMISDG"."SPC_DTL" MODIFY ("SPC_DETAIL_DATE" NOT NULL ENABLE);
  ALTER TABLE "SEMISDG"."SPC_DTL" MODIFY ("SPC_DATE_END" NOT NULL ENABLE);
  ALTER TABLE "SEMISDG"."SPC_DTL" MODIFY ("SPC_DATE_START" NOT NULL ENABLE);
  ALTER TABLE "SEMISDG"."SPC_DTL" MODIFY ("SPC_TIME_MAX" NOT NULL ENABLE);
  ALTER TABLE "SEMISDG"."SPC_DTL" MODIFY ("SPC_TIME_MIN" NOT NULL ENABLE);
  ALTER TABLE "SEMISDG"."SPC_DTL" MODIFY ("SPC_MAN_MAX" NOT NULL ENABLE);
  ALTER TABLE "SEMISDG"."SPC_DTL" MODIFY ("SPC_MAN_MIN" NOT NULL ENABLE);
  ALTER TABLE "SEMISDG"."SPC_DTL" MODIFY ("SPC_DETAIL_STORABLE" NOT NULL ENABLE);
  ALTER TABLE "SEMISDG"."SPC_DTL" MODIFY ("SPC_DETAIL_SIZE" NOT NULL ENABLE);
  ALTER TABLE "SEMISDG"."SPC_DTL" MODIFY ("SPC_DETAIL_HOLIDAY" NOT NULL ENABLE);
  ALTER TABLE "SEMISDG"."SPC_DTL" MODIFY ("SPC_DETAIL_SHARING" NOT NULL ENABLE);
  ALTER TABLE "SEMISDG"."SPC_DTL" MODIFY ("SPC_DETAIL_AVAIL" NOT NULL ENABLE);
  ALTER TABLE "SEMISDG"."SPC_DTL" MODIFY ("SPC_LOCATION_NO" NOT NULL ENABLE);
  ALTER TABLE "SEMISDG"."SPC_DTL" MODIFY ("SPC_TYPE_NO" NOT NULL ENABLE);
  ALTER TABLE "SEMISDG"."SPC_DTL" MODIFY ("SPC_NO" NOT NULL ENABLE);
  ALTER TABLE "SEMISDG"."SPC_DTL" MODIFY ("SPC_DETAIL_NO" NOT NULL ENABLE);
--------------------------------------------------------
--  Constraints for Table SPC_IMG
--------------------------------------------------------

  ALTER TABLE "SEMISDG"."SPC_IMG" MODIFY ("SPC_NO" NOT NULL ENABLE);
  ALTER TABLE "SEMISDG"."SPC_IMG" MODIFY ("SPC_IMG_ROUTE" NOT NULL ENABLE);
  ALTER TABLE "SEMISDG"."SPC_IMG" MODIFY ("SPC_IMG_TITLE" NOT NULL ENABLE);
  ALTER TABLE "SEMISDG"."SPC_IMG" MODIFY ("SPC_DETAIL_NO" NOT NULL ENABLE);
--------------------------------------------------------
--  Constraints for Table SPC_IMG_DUAL
--------------------------------------------------------

  ALTER TABLE "SEMISDG"."SPC_IMG_DUAL" MODIFY ("SPC_IMG_TITLE" NOT NULL ENABLE);
  ALTER TABLE "SEMISDG"."SPC_IMG_DUAL" MODIFY ("SPC_NO" NOT NULL ENABLE);
--------------------------------------------------------
--  Constraints for Table SPC_LOC
--------------------------------------------------------

  ALTER TABLE "SEMISDG"."SPC_LOC" ADD CONSTRAINT "PK_SPC_LOC" PRIMARY KEY ("SPC_LOCATION_NO")
  USING INDEX PCTFREE 10 INITRANS 2 MAXTRANS 255 COMPUTE STATISTICS 
  STORAGE(INITIAL 65536 NEXT 1048576 MINEXTENTS 1 MAXEXTENTS 2147483645
  PCTINCREASE 0 FREELISTS 1 FREELIST GROUPS 1 BUFFER_POOL DEFAULT FLASH_CACHE DEFAULT CELL_FLASH_CACHE DEFAULT)
  TABLESPACE "USERS"  ENABLE;
  ALTER TABLE "SEMISDG"."SPC_LOC" MODIFY ("SPC_LOCATION_NO" NOT NULL ENABLE);
--------------------------------------------------------
--  Constraints for Table SPC_OPT
--------------------------------------------------------

  ALTER TABLE "SEMISDG"."SPC_OPT" MODIFY ("SPC_OPTION_NO" NOT NULL ENABLE);
  ALTER TABLE "SEMISDG"."SPC_OPT" MODIFY ("SPC_DETAIL_NO" NOT NULL ENABLE);
--------------------------------------------------------
--  Constraints for Table SPC_OPT_LST
--------------------------------------------------------

  ALTER TABLE "SEMISDG"."SPC_OPT_LST" ADD CONSTRAINT "PK_SPC_OPT_LST" PRIMARY KEY ("SPC_OPTION_NO")
  USING INDEX PCTFREE 10 INITRANS 2 MAXTRANS 255 COMPUTE STATISTICS 
  STORAGE(INITIAL 65536 NEXT 1048576 MINEXTENTS 1 MAXEXTENTS 2147483645
  PCTINCREASE 0 FREELISTS 1 FREELIST GROUPS 1 BUFFER_POOL DEFAULT FLASH_CACHE DEFAULT CELL_FLASH_CACHE DEFAULT)
  TABLESPACE "USERS"  ENABLE;
  ALTER TABLE "SEMISDG"."SPC_OPT_LST" MODIFY ("SPC_OPTION_DATE" NOT NULL ENABLE);
  ALTER TABLE "SEMISDG"."SPC_OPT_LST" MODIFY ("SPC_OPTION_NO" NOT NULL ENABLE);
--------------------------------------------------------
--  Constraints for Table SPC_PRICE
--------------------------------------------------------

  ALTER TABLE "SEMISDG"."SPC_PRICE" ADD CONSTRAINT "PK_SPC_PRICE" PRIMARY KEY ("SPC_PRICE_NO")
  USING INDEX PCTFREE 10 INITRANS 2 MAXTRANS 255 COMPUTE STATISTICS 
  STORAGE(INITIAL 65536 NEXT 1048576 MINEXTENTS 1 MAXEXTENTS 2147483645
  PCTINCREASE 0 FREELISTS 1 FREELIST GROUPS 1 BUFFER_POOL DEFAULT FLASH_CACHE DEFAULT CELL_FLASH_CACHE DEFAULT)
  TABLESPACE "USERS"  ENABLE;
  ALTER TABLE "SEMISDG"."SPC_PRICE" MODIFY ("SPC_PRICE_DAY_BOOL" NOT NULL ENABLE);
  ALTER TABLE "SEMISDG"."SPC_PRICE" MODIFY ("SPC_PRICE_PERMAN" NOT NULL ENABLE);
  ALTER TABLE "SEMISDG"."SPC_PRICE" MODIFY ("SPC_PRICE_PEAK" NOT NULL ENABLE);
  ALTER TABLE "SEMISDG"."SPC_PRICE" MODIFY ("SPC_PRICE_END" NOT NULL ENABLE);
  ALTER TABLE "SEMISDG"."SPC_PRICE" MODIFY ("SPC_PRICE_START" NOT NULL ENABLE);
  ALTER TABLE "SEMISDG"."SPC_PRICE" MODIFY ("SPC_DETAIL_NAME" NOT NULL ENABLE);
  ALTER TABLE "SEMISDG"."SPC_PRICE" MODIFY ("SPC_DETAIL_NO" NOT NULL ENABLE);
  ALTER TABLE "SEMISDG"."SPC_PRICE" MODIFY ("SPC_PRICE_NO" NOT NULL ENABLE);
--------------------------------------------------------
--  Constraints for Table SPC_RES
--------------------------------------------------------

  ALTER TABLE "SEMISDG"."SPC_RES" ADD CONSTRAINT "PK_SPC_RES" PRIMARY KEY ("RES_GROUP_NO")
  USING INDEX PCTFREE 10 INITRANS 2 MAXTRANS 255 COMPUTE STATISTICS 
  STORAGE(INITIAL 65536 NEXT 1048576 MINEXTENTS 1 MAXEXTENTS 2147483645
  PCTINCREASE 0 FREELISTS 1 FREELIST GROUPS 1 BUFFER_POOL DEFAULT FLASH_CACHE DEFAULT CELL_FLASH_CACHE DEFAULT)
  TABLESPACE "USERS"  ENABLE;
  ALTER TABLE "SEMISDG"."SPC_RES" MODIFY ("RES_APPLY" NOT NULL ENABLE);
  ALTER TABLE "SEMISDG"."SPC_RES" MODIFY ("SPC_NO" NOT NULL ENABLE);
  ALTER TABLE "SEMISDG"."SPC_RES" MODIFY ("MEM_ID" NOT NULL ENABLE);
  ALTER TABLE "SEMISDG"."SPC_RES" MODIFY ("RES_GROUP_NO" NOT NULL ENABLE);
--------------------------------------------------------
--  Constraints for Table SPC_RES_GRP
--------------------------------------------------------

  ALTER TABLE "SEMISDG"."SPC_RES_GRP" ADD CONSTRAINT "PK_SPC_RES_GRP" PRIMARY KEY ("RES_NO")
  USING INDEX PCTFREE 10 INITRANS 2 MAXTRANS 255 COMPUTE STATISTICS 
  STORAGE(INITIAL 65536 NEXT 1048576 MINEXTENTS 1 MAXEXTENTS 2147483645
  PCTINCREASE 0 FREELISTS 1 FREELIST GROUPS 1 BUFFER_POOL DEFAULT FLASH_CACHE DEFAULT CELL_FLASH_CACHE DEFAULT)
  TABLESPACE "USERS"  ENABLE;
  ALTER TABLE "SEMISDG"."SPC_RES_GRP" MODIFY ("RES_PRIOR" NOT NULL ENABLE);
  ALTER TABLE "SEMISDG"."SPC_RES_GRP" MODIFY ("RES_TIME" NOT NULL ENABLE);
  ALTER TABLE "SEMISDG"."SPC_RES_GRP" MODIFY ("RES_CANCLE" NOT NULL ENABLE);
  ALTER TABLE "SEMISDG"."SPC_RES_GRP" MODIFY ("RES_GROUP_NO" NOT NULL ENABLE);
  ALTER TABLE "SEMISDG"."SPC_RES_GRP" MODIFY ("RES_NO" NOT NULL ENABLE);
--------------------------------------------------------
--  Constraints for Table SPC_TIMETABLE
--------------------------------------------------------

  ALTER TABLE "SEMISDG"."SPC_TIMETABLE" MODIFY ("SPC_AVAIL" NOT NULL ENABLE);
  ALTER TABLE "SEMISDG"."SPC_TIMETABLE" MODIFY ("SPC_HOUR_END" NOT NULL ENABLE);
  ALTER TABLE "SEMISDG"."SPC_TIMETABLE" MODIFY ("SPC_HOUR_START" NOT NULL ENABLE);
  ALTER TABLE "SEMISDG"."SPC_TIMETABLE" MODIFY ("SPC_DETAIL_NO" NOT NULL ENABLE);
--------------------------------------------------------
--  Constraints for Table SPC_TIME_EXP
--------------------------------------------------------

  ALTER TABLE "SEMISDG"."SPC_TIME_EXP" MODIFY ("SPC_EXCEP_DATE" NOT NULL ENABLE);
  ALTER TABLE "SEMISDG"."SPC_TIME_EXP" MODIFY ("SPC_DETAIL_NO" NOT NULL ENABLE);
--------------------------------------------------------
--  Constraints for Table SPC_TYPE
--------------------------------------------------------

  ALTER TABLE "SEMISDG"."SPC_TYPE" ADD CONSTRAINT "PK_SPC_TYPE" PRIMARY KEY ("SPC_TYPE_NO")
  USING INDEX PCTFREE 10 INITRANS 2 MAXTRANS 255 COMPUTE STATISTICS 
  STORAGE(INITIAL 65536 NEXT 1048576 MINEXTENTS 1 MAXEXTENTS 2147483645
  PCTINCREASE 0 FREELISTS 1 FREELIST GROUPS 1 BUFFER_POOL DEFAULT FLASH_CACHE DEFAULT CELL_FLASH_CACHE DEFAULT)
  TABLESPACE "USERS"  ENABLE;
  ALTER TABLE "SEMISDG"."SPC_TYPE" MODIFY ("SPC_TYPE_NO" NOT NULL ENABLE);
--------------------------------------------------------
--  Ref Constraints for Table CMMT_RPT
--------------------------------------------------------

  ALTER TABLE "SEMISDG"."CMMT_RPT" ADD CONSTRAINT "FK_REVIEW_CMNT_TO_CMMT_RPT_1" FOREIGN KEY ("COMMENT_NO")
	  REFERENCES "SEMISDG"."REVIEW_CMNT" ("COMMENT_NO") ENABLE;
--------------------------------------------------------
--  Ref Constraints for Table MEMBERSHIP
--------------------------------------------------------

  ALTER TABLE "SEMISDG"."MEMBERSHIP" ADD CONSTRAINT "FK_MEMBER_GRD_TO_MEMBERSHIP_1" FOREIGN KEY ("MEM_GRADE_NAME")
	  REFERENCES "SEMISDG"."MEMBER_GRD" ("MEM_GRADE_NAME") ENABLE;
--------------------------------------------------------
--  Ref Constraints for Table MEMBER_BLK
--------------------------------------------------------

  ALTER TABLE "SEMISDG"."MEMBER_BLK" ADD CONSTRAINT "FK_MEMBERSHIP_TO_MEMBER_BLK_1" FOREIGN KEY ("MEM_ID")
	  REFERENCES "SEMISDG"."MEMBERSHIP" ("MEM_ID") ENABLE;
--------------------------------------------------------
--  Ref Constraints for Table MEMBER_BUSI
--------------------------------------------------------

  ALTER TABLE "SEMISDG"."MEMBER_BUSI" ADD CONSTRAINT "FK_MEMBERSHIP_TO_MEMBER_BUSI_1" FOREIGN KEY ("MEM_ID")
	  REFERENCES "SEMISDG"."MEMBERSHIP" ("MEM_ID") ENABLE;
--------------------------------------------------------
--  Ref Constraints for Table REVIEW
--------------------------------------------------------

  ALTER TABLE "SEMISDG"."REVIEW" ADD CONSTRAINT "FK_MEMBERSHIP_TO_REVIEW_1" FOREIGN KEY ("MEM_ID")
	  REFERENCES "SEMISDG"."MEMBERSHIP" ("MEM_ID") ENABLE;
  ALTER TABLE "SEMISDG"."REVIEW" ADD CONSTRAINT "FK_SPC_TO_REVIEW_1" FOREIGN KEY ("SPC_NO")
	  REFERENCES "SEMISDG"."SPC" ("SPC_NO") ENABLE;
--------------------------------------------------------
--  Ref Constraints for Table REVIEW_CMNT
--------------------------------------------------------

  ALTER TABLE "SEMISDG"."REVIEW_CMNT" ADD CONSTRAINT "FK_MEMBERSHIP_TO_REVIEW_CMNT_1" FOREIGN KEY ("MEM_ID")
	  REFERENCES "SEMISDG"."MEMBERSHIP" ("MEM_ID") ENABLE;
  ALTER TABLE "SEMISDG"."REVIEW_CMNT" ADD CONSTRAINT "FK_REVIEW_TO_REVIEW_CMNT_1" FOREIGN KEY ("REVIEW_NO")
	  REFERENCES "SEMISDG"."REVIEW" ("REVIEW_NO") ENABLE;
--------------------------------------------------------
--  Ref Constraints for Table REVIEW_RPT
--------------------------------------------------------

  ALTER TABLE "SEMISDG"."REVIEW_RPT" ADD CONSTRAINT "FK_REVIEW_TO_REVIEW_RPT_1" FOREIGN KEY ("REVIEW_NO")
	  REFERENCES "SEMISDG"."REVIEW" ("REVIEW_NO") ENABLE;
--------------------------------------------------------
--  Ref Constraints for Table SPC
--------------------------------------------------------

  ALTER TABLE "SEMISDG"."SPC" ADD CONSTRAINT "FK_MEMBERSHIP_TO_SPC_1" FOREIGN KEY ("MEM_ID")
	  REFERENCES "SEMISDG"."MEMBERSHIP" ("MEM_ID") ENABLE;
--------------------------------------------------------
--  Ref Constraints for Table SPC_CTT_IMG
--------------------------------------------------------

  ALTER TABLE "SEMISDG"."SPC_CTT_IMG" ADD CONSTRAINT "FK_SPC_DTL_TO_SPC_CTT_IMG_1" FOREIGN KEY ("SPC_DETAIL_NO")
	  REFERENCES "SEMISDG"."SPC_DTL" ("SPC_DETAIL_NO") ENABLE;
  ALTER TABLE "SEMISDG"."SPC_CTT_IMG" ADD CONSTRAINT "FK_SPC_TO_SPC_CTT_IMG_1" FOREIGN KEY ("SPC_NO")
	  REFERENCES "SEMISDG"."SPC" ("SPC_NO") ENABLE;
--------------------------------------------------------
--  Ref Constraints for Table SPC_DTL
--------------------------------------------------------

  ALTER TABLE "SEMISDG"."SPC_DTL" ADD CONSTRAINT "FK_SPC_LOC_TO_SPC_DTL_1" FOREIGN KEY ("SPC_LOCATION_NO")
	  REFERENCES "SEMISDG"."SPC_LOC" ("SPC_LOCATION_NO") ENABLE;
  ALTER TABLE "SEMISDG"."SPC_DTL" ADD CONSTRAINT "FK_SPC_TO_SPC_DTL_1" FOREIGN KEY ("SPC_NO")
	  REFERENCES "SEMISDG"."SPC" ("SPC_NO") ENABLE;
  ALTER TABLE "SEMISDG"."SPC_DTL" ADD CONSTRAINT "FK_SPC_TYPE_TO_SPC_DTL_1" FOREIGN KEY ("SPC_TYPE_NO")
	  REFERENCES "SEMISDG"."SPC_TYPE" ("SPC_TYPE_NO") ENABLE;
--------------------------------------------------------
--  Ref Constraints for Table SPC_IMG
--------------------------------------------------------

  ALTER TABLE "SEMISDG"."SPC_IMG" ADD CONSTRAINT "FK_SPC_DTL_TO_SPC_IMG_1" FOREIGN KEY ("SPC_DETAIL_NO")
	  REFERENCES "SEMISDG"."SPC_DTL" ("SPC_DETAIL_NO") ENABLE;
  ALTER TABLE "SEMISDG"."SPC_IMG" ADD CONSTRAINT "FK_SPC_TO_SPC_IMG_1" FOREIGN KEY ("SPC_NO")
	  REFERENCES "SEMISDG"."SPC" ("SPC_NO") ENABLE;
--------------------------------------------------------
--  Ref Constraints for Table SPC_OPT
--------------------------------------------------------

  ALTER TABLE "SEMISDG"."SPC_OPT" ADD CONSTRAINT "FK_SPC_DTL_TO_SPC_OPT_1" FOREIGN KEY ("SPC_DETAIL_NO")
	  REFERENCES "SEMISDG"."SPC_DTL" ("SPC_DETAIL_NO") ENABLE;
  ALTER TABLE "SEMISDG"."SPC_OPT" ADD CONSTRAINT "FK_SPC_OPT_LST_TO_SPC_OPT_1" FOREIGN KEY ("SPC_OPTION_NO")
	  REFERENCES "SEMISDG"."SPC_OPT_LST" ("SPC_OPTION_NO") ENABLE;
--------------------------------------------------------
--  Ref Constraints for Table SPC_PRICE
--------------------------------------------------------

  ALTER TABLE "SEMISDG"."SPC_PRICE" ADD CONSTRAINT "FK_SPC_DTL_TO_SPC_PRICE_1" FOREIGN KEY ("SPC_DETAIL_NO")
	  REFERENCES "SEMISDG"."SPC_DTL" ("SPC_DETAIL_NO") ENABLE;
--------------------------------------------------------
--  Ref Constraints for Table SPC_RES
--------------------------------------------------------

  ALTER TABLE "SEMISDG"."SPC_RES" ADD CONSTRAINT "FK_MEMBERSHIP_TO_SPC_RES_1" FOREIGN KEY ("MEM_ID")
	  REFERENCES "SEMISDG"."MEMBERSHIP" ("MEM_ID") ENABLE;
  ALTER TABLE "SEMISDG"."SPC_RES" ADD CONSTRAINT "FK_SPC_TO_SPC_RES_1" FOREIGN KEY ("SPC_NO")
	  REFERENCES "SEMISDG"."SPC" ("SPC_NO") ENABLE;
--------------------------------------------------------
--  Ref Constraints for Table SPC_RES_GRP
--------------------------------------------------------

  ALTER TABLE "SEMISDG"."SPC_RES_GRP" ADD CONSTRAINT "FK_SPC_RES_TO_SPC_RES_GRP_1" FOREIGN KEY ("RES_GROUP_NO")
	  REFERENCES "SEMISDG"."SPC_RES" ("RES_GROUP_NO") ENABLE;
--------------------------------------------------------
--  Ref Constraints for Table SPC_TIMETABLE
--------------------------------------------------------

  ALTER TABLE "SEMISDG"."SPC_TIMETABLE" ADD CONSTRAINT "FK_SPC_DTL_TO_SPC_TIMETABLE_1" FOREIGN KEY ("SPC_DETAIL_NO")
	  REFERENCES "SEMISDG"."SPC_DTL" ("SPC_DETAIL_NO") ENABLE;
--------------------------------------------------------
--  Ref Constraints for Table SPC_TIME_EXP
--------------------------------------------------------

  ALTER TABLE "SEMISDG"."SPC_TIME_EXP" ADD CONSTRAINT "FK_SPC_DTL_TO_SPC_TIME_EXP_1" FOREIGN KEY ("SPC_DETAIL_NO")
	  REFERENCES "SEMISDG"."SPC_DTL" ("SPC_DETAIL_NO") ENABLE;
